timestamp,open,high,low,close
2026-01-01 00:00:00,850.0,850.7015848063166,841.9727814177637,845.44704961188
2026-01-01 00:15:00,845.44704961188,850.9181903539873,844.2534175159908,849.8853467049304
2026-01-01 00:30:00,849.8853467049304,851.918328947974,843.6051566158831,847.3999758474117
2026-01-01 00:45:00,847.3999758474117,849.3976288135584,842.5012438283593,845.608311971297
2026-01-01 01:00:00,845.608311971297,846.9232969985047,842.025734998724,843.2233769926794
2026-01-01 01:15:00,843.2233769926794,846.3497729414512,842.5816507431342,845.0283678236298
2026-01-01 01:30:00,845.0283678236298,845.3842296737043,839.0776252114143,840.8872240180414
2026-01-01 01:45:00,840.8872240180414,843.8092333256179,834.6875662165844,835.1206609354965
2026-01-01 02:00:00,835.1206609354965,839.9850956779703,834.8662347142424,838.0452213922833
2026-01-01 02:15:00,838.0452213922833,839.0586266883948,834.9910184168339,837.3166873145154
2026-01-01 02:30:00,837.3166873145154,837.6124308562971,830.497983166053,831.9872115667262
2026-01-01 02:45:00,831.9872115667262,837.8374726100831,829.9383953046705,835.569273660592
2026-01-01 03:00:00,835.569273660592,837.2890479977588,834.8404941115042,835.9173977287918
2026-01-01 03:15:00,835.9173977287918,846.3603416066119,833.5060176010338,841.9350017105878
2026-01-01 03:30:00,841.9350017105878,848.4497904156582,841.139402455483,847.7973553701345
2026-01-01 03:45:00,847.7973553701345,847.8761726561763,842.3435437736039,845.7857598163947
2026-01-01 04:00:00,845.7857598163947,845.9196608088391,844.5447858738906,844.7362894240147
2026-01-01 04:15:00,844.7362894240147,845.2195675772572,843.1218456647098,843.9074933220356
2026-01-01 04:30:00,843.9074933220356,845.5436581463323,838.8201584048404,840.5988443312054
2026-01-01 04:45:00,840.5988443312054,842.61272899015,838.8846629604733,839.6079154017247
2026-01-01 05:00:00,839.6079154017247,848.8420429680118,838.0633985951945,848.4558257213112
2026-01-01 05:15:00,848.4558257213112,849.1072903308532,846.7697122285155,847.3440338273113
2026-01-01 05:30:00,847.3440338273113,848.1041733038666,832.6896084044739,833.4435803408328
2026-01-01 05:45:00,833.4435803408328,837.593189323496,830.4799711027481,830.8640422909781
2026-01-01 06:00:00,830.8640422909781,835.2919103059126,830.7315358291079,831.6102001375341
2026-01-01 06:15:00,831.6102001375341,845.5942362176141,830.9467959844002,845.1710420950957
2026-01-01 06:30:00,845.1710420950957,847.5233911003879,842.6568319031627,847.5071547705098
2026-01-01 06:45:00,847.5071547705098,855.2742116271874,844.4230824323668,852.1880641431279
2026-01-01 07:00:00,852.1880641431279,852.357233030014,846.545863272703,848.7250431879904
2026-01-01 07:15:00,848.7250431879904,852.136502736336,845.90446097208,846.0552995166532
2026-01-01 07:30:00,846.0552995166532,852.2059258490837,844.3321422735136,850.1936058003089
2026-01-01 07:45:00,850.1936058003089,851.9833436785221,847.4490254680554,850.1569269642101
2026-01-01 08:00:00,850.1569269642101,864.5686338445963,849.5851848168636,858.9824758688038
2026-01-01 08:15:00,858.9824758688038,865.1237197470089,858.3291095876908,863.9754483026517
2026-01-01 08:30:00,863.9754483026517,871.5893357703352,863.3306888613946,868.9117800169789
2026-01-01 08:45:00,868.9117800169789,873.0164839414974,864.3536290829107,865.3960615089167
2026-01-01 09:00:00,865.3960615089167,872.7050520480502,862.8471512351003,870.6051580717351
2026-01-01 09:15:00,870.6051580717351,872.413690423723,863.314253799364,867.4871983612027
2026-01-01 09:30:00,867.4871983612027,869.1851160100879,860.4263410757719,860.595964836483
2026-01-01 09:45:00,860.595964836483,864.0885329577762,857.3981898667369,864.0599287956449
2026-01-01 10:00:00,864.0599287956449,864.1358940390535,855.3420391345367,857.6980026302712
2026-01-01 10:15:00,857.6980026302712,862.4825699554849,856.1272015432686,861.9909518277681
2026-01-01 10:30:00,861.9909518277681,863.6197016272531,859.7868162866108,861.6497624663613
2026-01-01 10:45:00,861.6497624663613,862.1207687034478,852.378163313153,855.1187886263193
2026-01-01 11:00:00,855.1187886263193,864.0737343478451,854.9907294457381,860.195271908778
2026-01-01 11:15:00,860.195271908778,862.5779846437636,853.375626615769,855.6939911302458
2026-01-01 11:30:00,855.6939911302458,862.7061595655623,854.5608862203725,861.3775699460963
2026-01-01 11:45:00,861.3775699460963,885.5941861616326,859.9445091932236,883.4953822819475
2026-01-01 12:00:00,883.4953822819475,886.7970727470033,877.8938958965703,878.9616957017943
2026-01-01 12:15:00,878.9616957017943,881.9080672432015,875.413720785177,880.3982948243776
2026-01-01 12:30:00,880.3982948243776,881.134892768646,874.390269690389,875.9639378507609
2026-01-01 12:45:00,875.9639378507609,880.935835892163,874.5304170860281,880.8355778443746
2026-01-01 13:00:00,880.8355778443746,891.0671172862442,876.3802641537278,889.2438321355135
2026-01-01 13:15:00,889.2438321355135,893.4780871927716,888.9914119642863,891.7345415682196
2026-01-01 13:30:00,891.7345415682196,895.3894053755575,886.8968019868464,887.9416816714005
2026-01-01 13:45:00,887.9416816714005,890.7156263709376,883.5495139588941,885.5688102424145
2026-01-01 14:00:00,885.5688102424145,892.9534238693001,882.2261963173157,889.3204516990452
2026-01-01 14:15:00,889.3204516990452,890.2968544409669,885.8585258351367,887.5627207526812
2026-01-01 14:30:00,887.5627207526812,890.5216260239964,887.0070708196163,888.469924379562
2026-01-01 14:45:00,888.469924379562,889.4380222502954,882.4017382890416,882.689367559071
2026-01-01 15:00:00,882.689367559071,889.0300277307949,880.5300485267655,883.8644344882042
2026-01-01 15:15:00,883.8644344882042,886.8970960340126,883.0167445751083,886.7435314470346
2026-01-01 15:30:00,886.7435314470346,889.560721122725,873.606170602992,878.2988440272359
2026-01-01 15:45:00,878.2988440272359,878.917026136253,868.1932494028662,869.5631883464715
2026-01-01 16:00:00,869.5631883464715,876.5646857762807,865.3312826173042,874.7065667817009
2026-01-01 16:15:00,874.7065667817009,881.7101255968204,874.0305078357724,879.7310058708672
2026-01-01 16:30:00,879.7310058708672,881.6598661007623,876.1193175208574,877.7633634521286
2026-01-01 16:45:00,877.7633634521286,885.6267728301121,876.4619063966898,882.8159100593776
2026-01-01 17:00:00,882.8159100593776,892.9051821496157,879.9438566836382,891.9382428235723
2026-01-01 17:15:00,891.9382428235723,893.5438987628642,891.6519281039634,892.8307327873896
2026-01-01 17:30:00,892.8307327873896,907.1351404047867,890.6174945480902,904.7916408231836
2026-01-01 17:45:00,904.7916408231836,906.1647044206983,898.2195474003763,899.6019075207578
2026-01-01 18:00:00,899.6019075207578,899.6213050224985,894.1515208543733,896.2967842678923
2026-01-01 18:15:00,896.2967842678923,897.2445338629997,895.0565902517236,896.3360846635933
2026-01-01 18:30:00,896.3360846635933,896.7844946641537,894.2080257250757,895.244309997436
2026-01-01 18:45:00,895.244309997436,900.0993165489942,892.1478896938075,896.9135309977001
2026-01-01 19:00:00,896.9135309977001,899.9057760034461,894.193693496831,894.8776901411466
2026-01-01 19:15:00,894.8776901411466,903.7521761422911,892.6721255389434,903.7103404849051
2026-01-01 19:30:00,903.7103404849051,903.816370553084,899.6653949982384,900.3753758309822
2026-01-01 19:45:00,900.3753758309822,900.6146481575872,896.4832191241613,897.366984912779
2026-01-01 20:00:00,897.366984912779,898.3738731125225,895.7656875137125,896.2586909736954
2026-01-01 20:15:00,896.2586909736954,896.7907045328485,895.1630947329554,896.7367821494788
2026-01-01 20:30:00,896.7367821494788,900.8287095637501,893.7499583100415,895.669063710827
2026-01-01 20:45:00,895.669063710827,901.8360723522279,893.8908074830457,897.0185058991491
2026-01-01 21:00:00,897.0185058991491,899.9996334012885,895.2203246518401,896.8904165072582
2026-01-01 21:15:00,896.8904165072582,900.2088009048521,892.7628406609833,899.4569377581423
2026-01-01 21:30:00,899.4569377581423,905.414315118416,896.552424702697,903.2791627143869
2026-01-01 21:45:00,903.2791627143869,917.3752527705334,902.2469762797565,914.7804845049466
2026-01-01 22:00:00,914.7804845049466,920.5569975498988,914.5284968453908,918.1428366390521
2026-01-01 22:15:00,918.1428366390521,925.7015718413745,918.0394793327697,925.6900357019945
2026-01-01 22:30:00,925.6900357019945,929.2081073415769,925.2035188115174,925.4681692012836
2026-01-01 22:45:00,925.4681692012836,932.2395347482415,922.6572801931069,928.864483572623
2026-01-01 23:00:00,928.864483572623,935.1361021094696,926.2700297676827,930.631824482983
2026-01-01 23:15:00,930.631824482983,932.668774429995,928.4943683908834,932.121053303341
2026-01-01 23:30:00,932.121053303341,942.5228741004922,929.7925194322719,940.591658729836
2026-01-01 23:45:00,940.591658729836,941.184353765614,930.4884067457052,932.0669997084564
2026-01-02 00:00:00,932.0669997084564,935.0027801183575,926.785577031933,930.5330183985144
2026-01-02 00:15:00,930.5330183985144,935.7727954296306,930.3369543115863,931.2244228095428
2026-01-02 00:30:00,931.2244228095428,931.9823532524265,930.4179066681297,931.8166852119653
2026-01-02 00:45:00,931.8166852119653,931.9545792259662,925.2578212901421,927.3591343952448
2026-01-02 01:00:00,927.3591343952448,929.2618197871193,921.8605300833497,926.2697572282324
2026-01-02 01:15:00,926.2697572282324,926.5052240201325,920.3141711302824,922.591704239605
2026-01-02 01:30:00,922.591704239605,928.5309793736297,921.0523081220213,923.50881389554
2026-01-02 01:45:00,923.50881389554,926.5115546051136,923.022680776567,926.2644328957938
2026-01-02 02:00:00,926.2644328957938,927.5393425792034,923.2272378883665,923.8323516221001
2026-01-02 02:15:00,923.8323516221001,927.4512805918029,912.1916434299069,912.7395227169309
2026-01-02 02:30:00,912.7395227169309,919.8248320621619,905.9659849383294,917.6513732014096
2026-01-02 02:45:00,917.6513732014096,927.6384380577678,917.2037532025017,924.104256153201
2026-01-02 03:00:00,924.104256153201,924.2093960834228,922.3853177260121,923.8077780713456
2026-01-02 03:15:00,923.8077780713456,927.5194896685052,916.5592143144339,918.4988217797227
2026-01-02 03:30:00,918.4988217797227,918.5060728044429,911.9540712724482,915.3049442424415
2026-01-02 03:45:00,915.3049442424415,921.0631172936411,912.26278483432,919.1367571361947
2026-01-02 04:00:00,919.1367571361947,921.2075832079277,907.0859732105761,910.1628218729782
2026-01-02 04:15:00,910.1628218729782,915.0600010478745,909.0911460286958,913.6285873958064
2026-01-02 04:30:00,913.6285873958064,914.8279596343365,909.6669915873581,909.7737391688368
2026-01-02 04:45:00,909.7737391688368,910.2994248719428,904.2453305710472,906.2419706275388
2026-01-02 05:00:00,906.2419706275388,909.8682405898091,905.1399528147651,909.2663703029042
2026-01-02 05:15:00,909.2663703029042,912.9390619213713,904.5330264817553,905.7284189049911
2026-01-02 05:30:00,905.7284189049911,907.9329216969744,900.5804751738852,904.1610685372282
2026-01-02 05:45:00,904.1610685372282,906.2955846904425,900.5057244002364,904.8906812811323
2026-01-02 06:00:00,904.8906812811323,926.765422419703,901.4719213769841,920.3213999798821
2026-01-02 06:15:00,920.3213999798821,922.5352441601539,917.3891040895403,918.6582662024912
2026-01-02 06:30:00,918.6582662024912,926.9590625978451,913.2206483022111,925.2614586693821
2026-01-02 06:45:00,925.2614586693821,926.077979590799,920.4908963594877,921.8196637702625
2026-01-02 07:00:00,921.8196637702625,929.6155511283786,921.0769379136971,926.1392561192131
2026-01-02 07:15:00,926.1392561192131,927.0070508324453,923.611106853654,924.5372727114585
2026-01-02 07:30:00,924.5372727114585,925.3309852457401,911.374296068296,914.0169666970567
2026-01-02 07:45:00,914.0169666970567,918.1327089233135,912.0182616767918,912.7915913416826
2026-01-02 08:00:00,912.7915913416826,912.8269088626993,903.9305789195024,905.7552711981061
2026-01-02 08:15:00,905.7552711981061,909.0081609388218,893.0644082819324,895.5806671769876
2026-01-02 08:30:00,895.5806671769876,901.5599592860514,895.180561415859,898.8158397645416
2026-01-02 08:45:00,898.8158397645416,902.4986029339125,896.932455347542,900.6718641375152
2026-01-02 09:00:00,900.6718641375152,909.987150485359,898.3892762601478,909.1026746292558
2026-01-02 09:15:00,909.1026746292558,909.6963994869012,904.685661402146,906.8389415768671
2026-01-02 09:30:00,906.8389415768671,908.0547622782306,904.1342032085005,906.047336232733
2026-01-02 09:45:00,906.047336232733,916.3461627045042,903.3090958854478,914.6438264664763
2026-01-02 10:00:00,914.6438264664763,917.9675114768052,913.2042220224973,916.1292676004354
2026-01-02 10:15:00,916.1292676004354,921.7424519574354,915.8449810000899,916.3617976022783
2026-01-02 10:30:00,916.3617976022783,927.5259614318022,914.6227538002986,926.2273572698663
2026-01-02 10:45:00,926.2273572698663,933.4201664180094,925.1026827817177,929.9151558394028
2026-01-02 11:00:00,929.9151558394028,932.8521561970155,929.7925610323676,931.1337950082593
2026-01-02 11:15:00,931.1337950082593,938.524594926616,930.194656654375,938.1769775497422
2026-01-02 11:30:00,938.1769775497422,949.3482249570928,935.3390635703119,944.242602734341
2026-01-02 11:45:00,944.242602734341,944.8137037073409,935.4104934299007,938.7174079267605
2026-01-02 12:00:00,938.7174079267605,942.0952023166815,938.2093519603014,939.1930832172372
2026-01-02 12:15:00,939.1930832172372,944.6817168276337,936.7587262180056,944.0901617084131
2026-01-02 12:30:00,944.0901617084131,944.8700911457119,944.0595172662047,944.5219279876144
2026-01-02 12:45:00,944.5219279876144,946.2697218782426,943.3188383168855,945.0076654631062
2026-01-02 13:00:00,945.0076654631062,963.5455235212655,939.7725971153687,959.1171057028654
2026-01-02 13:15:00,959.1171057028654,970.9946639547655,954.5556471915675,968.2532765312708
2026-01-02 13:30:00,968.2532765312708,970.8980209124488,965.1567508028916,970.3374141220296
2026-01-02 13:45:00,970.3374141220296,972.395906586954,964.3036108833686,967.1010320923558
2026-01-02 14:00:00,967.1010320923558,968.7033254222412,962.9814452477335,964.135389833549
2026-01-02 14:15:00,964.135389833549,965.2084952677088,963.3107840569398,964.6797793917609
2026-01-02 14:30:00,964.6797793917609,965.2358415083443,961.7924005646161,964.1707398853358
2026-01-02 14:45:00,964.1707398853358,966.4436117455001,961.4182900172882,965.7261190965675
2026-01-02 15:00:00,965.7261190965675,967.5219909964882,956.7433130819055,960.1678972636581
2026-01-02 15:15:00,960.1678972636581,965.770034403014,956.43569325342,961.1897897056699
2026-01-02 15:30:00,961.1897897056699,964.1374073683555,960.3898428387994,964.0692992169551
2026-01-02 15:45:00,964.0692992169551,967.0353071455877,961.5189112447972,963.1540922516472
2026-01-02 16:00:00,963.1540922516472,963.3758905806061,957.4131827146239,957.8440422758388
2026-01-02 16:15:00,957.8440422758388,960.1081846779551,952.4476298806114,953.4873443419201
2026-01-02 16:30:00,953.4873443419201,962.3712364281082,949.4374210329905,958.9161482305337
2026-01-02 16:45:00,958.9161482305337,966.469125291941,950.1668335105916,953.0698087632054
2026-01-02 17:00:00,953.0698087632054,954.3480571849105,945.2697632742652,947.3008764157091
2026-01-02 17:15:00,947.3008764157091,949.3895539711394,935.0944164406617,940.885656983304
2026-01-02 17:30:00,940.885656983304,941.2795379357117,938.6789316479548,939.9453348656779
2026-01-02 17:45:00,939.9453348656779,942.4737361835064,937.8084306375772,939.3554187728541
2026-01-02 18:00:00,939.3554187728541,940.3023368436499,937.976091245721,939.5656618444224
2026-01-02 18:15:00,939.5656618444224,947.0409061925106,937.4260420552436,945.6496091665884
2026-01-02 18:30:00,945.6496091665884,948.1667066123446,938.2088387357608,938.3725922797809
2026-01-02 18:45:00,938.3725922797809,940.9440780885609,937.0293036401564,940.1076428163478
2026-01-02 19:00:00,940.1076428163478,945.7275601066056,939.9532782511388,943.3906984345954
2026-01-02 19:15:00,943.3906984345954,944.335858516687,936.1128945551562,936.5698074669151
2026-01-02 19:30:00,936.5698074669151,945.4503272872653,932.245581305282,939.0487843245273
2026-01-02 19:45:00,939.0487843245273,941.3734721789193,937.5494827903076,941.2864508404347
2026-01-02 20:00:00,941.2864508404347,943.2367891480866,937.7475595151932,937.9590252244634
2026-01-02 20:15:00,937.9590252244634,938.4477195220576,934.5382336582657,935.5914806259253
2026-01-02 20:30:00,935.5914806259253,935.8884470117287,930.6256764276085,933.8090277731867
2026-01-02 20:45:00,933.8090277731867,934.3965383580991,931.8061141706545,933.763301921026
2026-01-02 21:00:00,933.763301921026,935.8755719237745,932.6252673308052,935.7721340549023
2026-01-02 21:15:00,935.7721340549023,940.9839401452525,932.5746882052433,940.0038345981708
2026-01-02 21:30:00,940.0038345981708,941.7498820705275,932.8624095335923,935.8202006578678
2026-01-02 21:45:00,935.8202006578678,935.8965074101187,931.1373828737713,931.6526552853517
2026-01-02 22:00:00,931.6526552853517,933.1544264055574,924.6214653067929,926.7869745834413
2026-01-02 22:15:00,926.7869745834413,929.2569630308783,923.4312093392293,924.2725107808342
2026-01-02 22:30:00,924.2725107808342,930.401058481611,922.8694828154813,926.834619654478
2026-01-02 22:45:00,926.834619654478,928.2368713345523,921.6094517841568,924.2252881525934
2026-01-02 23:00:00,924.2252881525934,926.8071426080201,920.615980584632,922.4471628454613
2026-01-02 23:15:00,922.4471628454613,923.1264336348612,919.1125257924674,922.6800029889883
2026-01-02 23:30:00,922.6800029889883,923.0423382093501,917.012037681399,918.3601728004646
2026-01-02 23:45:00,918.3601728004646,918.9890766600594,914.546591215648,915.2823961536195
2026-01-03 00:00:00,915.2823961536195,915.5128138106234,907.7956852670633,910.8301875686952
2026-01-03 00:15:00,910.8301875686952,911.9689324265748,906.2291305526829,906.7214640462885
2026-01-03 00:30:00,906.7214640462885,908.6359551790042,891.0976882956525,892.1744550691925
2026-01-03 00:45:00,892.1744550691925,896.0328277324894,891.384012469461,894.7481857247723
2026-01-03 01:00:00,894.7481857247723,897.6562879597086,892.9431249261381,896.7285811271016
2026-01-03 01:15:00,896.7285811271016,900.3133294845212,895.3014193744044,897.2725797042386
2026-01-03 01:30:00,897.2725797042386,899.106409476253,894.5436908999798,895.3547721795002
2026-01-03 01:45:00,895.3547721795002,895.775190129144,892.2387504355496,892.3409108414932
2026-01-03 02:00:00,892.3409108414932,896.8707013179549,891.6637987245965,893.9001548116806
2026-01-03 02:15:00,893.9001548116806,894.1098049829319,892.6613641029635,893.2752114596582
2026-01-03 02:30:00,893.2752114596582,900.5007485047904,888.3858709330544,892.6803979324935
2026-01-03 02:45:00,892.6803979324935,895.3095005161282,885.1033569511654,888.4543681416898
2026-01-03 03:00:00,888.4543681416898,893.8762363181738,882.1922720247524,889.4536524801127
2026-01-03 03:15:00,889.4536524801127,892.6392830610284,883.0463375225788,887.883710627143
2026-01-03 03:30:00,887.883710627143,891.9273048143714,887.3473490568464,889.7552252360068
2026-01-03 03:45:00,889.7552252360068,891.1856678275159,886.1534003027236,886.3715872030383
2026-01-03 04:00:00,886.3715872030383,890.0238885006245,880.7686885115347,880.8689777475169
2026-01-03 04:15:00,880.8689777475169,883.6223644807359,876.9582788806869,880.134561009648
2026-01-03 04:30:00,880.134561009648,880.4852604972485,879.380565247617,880.4216257520638
2026-01-03 04:45:00,880.4216257520638,882.0811880499724,877.4974901857724,880.6671979782639
2026-01-03 05:00:00,880.6671979782639,885.906199474807,879.1791349137335,884.825109427364
2026-01-03 05:15:00,884.825109427364,891.2168208175228,883.3267957809193,890.9349911047191
2026-01-03 05:30:00,890.9349911047191,893.1256460254181,886.8717602182592,887.8668341206071
2026-01-03 05:45:00,887.8668341206071,889.595594469639,876.6989314236944,877.6349380596213
2026-01-03 06:00:00,877.6349380596213,878.8911484428284,876.0671476774551,876.0750732634543
2026-01-03 06:15:00,876.0750732634543,876.5611944458796,870.4723894000085,870.5315382457965
2026-01-03 06:30:00,870.5315382457965,870.6143907587659,864.2729414386097,866.4765054603785
2026-01-03 06:45:00,866.4765054603785,867.7330992379007,863.0180754511632,864.2777575701467
2026-01-03 07:00:00,864.2777575701467,866.5099415409529,864.1465707563224,864.7531418466193
2026-01-03 07:15:00,864.7531418466193,866.7225669306803,859.5815556567136,860.978933620414
2026-01-03 07:30:00,860.978933620414,863.0692536566114,856.0309589288722,860.5965328486478
2026-01-03 07:45:00,860.5965328486478,862.0296524565996,855.874326642427,856.9388754773465
2026-01-03 08:00:00,856.9388754773465,858.1033315999482,851.4337580207418,851.487338123716
2026-01-03 08:15:00,851.487338123716,858.420433643695,851.2232692049358,858.3368259917249
2026-01-03 08:30:00,858.3368259917249,864.9716109028661,854.8364996536388,855.8660058033322
2026-01-03 08:45:00,855.8660058033322,856.9290160203908,844.5833439962561,848.0461148754941
2026-01-03 09:00:00,848.0461148754941,852.4499365010604,839.0345059009128,841.4076037344616
2026-01-03 09:15:00,841.4076037344616,842.8427140669712,836.1449978372427,839.6130605826081
2026-01-03 09:30:00,839.6130605826081,842.6884375503636,838.2368226392872,839.9300594360184
2026-01-03 09:45:00,839.9300594360184,841.2418374485204,838.4524880265546,840.0311661100604
2026-01-03 10:00:00,840.0311661100604,840.6724440638461,838.2846979781805,839.4806183182882
2026-01-03 10:15:00,839.4806183182882,842.0079028591068,833.3043060667902,837.131676380102
2026-01-03 10:30:00,837.131676380102,838.172092364679,834.2833771335161,837.9810338549926
2026-01-03 10:45:00,837.9810338549926,840.9495251326261,836.9315440351018,840.8462998590919
2026-01-03 11:00:00,840.8462998590919,841.4054824220335,828.9607627602632,832.3852429373146
2026-01-03 11:15:00,832.3852429373146,833.1522776330119,828.7959147191375,829.564281668638
2026-01-03 11:30:00,829.564281668638,835.055164476954,828.7240236737287,832.3656624642028
2026-01-03 11:45:00,832.3656624642028,833.3599459049979,831.9336927962158,832.7900531841923
2026-01-03 12:00:00,832.7900531841923,834.3026487771394,830.6539133464051,832.2657215162794
2026-01-03 12:15:00,832.2657215162794,834.2816424006248,830.4284463881736,831.1907210351492
2026-01-03 12:30:00,831.1907210351492,837.6537772989183,819.9421599131064,822.3801621099288
2026-01-03 12:45:00,822.3801621099288,823.7524538234596,813.6916128739928,817.9024818524997
2026-01-03 13:00:00,817.9024818524997,820.3570574460674,817.5715602611839,818.3393058746361
2026-01-03 13:15:00,818.3393058746361,819.0958802360404,816.0278662034194,818.6534623332675
2026-01-03 13:30:00,818.6534623332675,820.0323551896674,817.2482558448033,819.044052632844
2026-01-03 13:45:00,819.044052632844,819.7098506563699,812.2347813757962,813.8941882458388
2026-01-03 14:00:00,813.8941882458388,816.3956685355722,810.3440234539098,815.8404324399504
2026-01-03 14:15:00,815.8404324399504,818.5294548277992,813.139695246649,815.912619752165
2026-01-03 14:30:00,815.912619752165,818.4870535327609,815.5824974606935,817.0891802818882
2026-01-03 14:45:00,817.0891802818882,819.8003550212026,810.6801664011059,816.4403699314831
2026-01-03 15:00:00,816.4403699314831,819.8560059255603,810.8420965945027,812.2478124394196
2026-01-03 15:15:00,812.2478124394196,815.8602457917196,804.455209888462,806.6768074850158
2026-01-03 15:30:00,806.6768074850158,808.1793906117883,791.5682932387581,797.06698581148
2026-01-03 15:45:00,797.06698581148,808.3220981114508,793.4471085681748,805.2650386845709
2026-01-03 16:00:00,805.2650386845709,814.367019211055,803.9565791329072,812.7716861324152
2026-01-03 16:15:00,812.7716861324152,822.4951855578547,811.6469204365377,814.2183997884944
2026-01-03 16:30:00,814.2183997884944,815.4351609966634,809.1248040396246,812.8493090308544
2026-01-03 16:45:00,812.8493090308544,813.2450761633921,808.6931612834344,811.7555663133925
2026-01-03 17:00:00,811.7555663133925,818.3327869289988,809.5940940476082,816.6320039128082
2026-01-03 17:15:00,816.6320039128082,816.8638300263293,812.2883951915979,815.223251280418
2026-01-03 17:30:00,815.223251280418,817.2851529878525,814.4144455760388,814.4576487336775
2026-01-03 17:45:00,814.4576487336775,815.2828432715592,813.512956543202,815.0073493657337
2026-01-03 18:00:00,815.0073493657337,818.619353582393,813.4629676525589,817.77461616679
2026-01-03 18:15:00,817.77461616679,820.5111152846508,812.5636501833192,814.0880416184701
2026-01-03 18:30:00,814.0880416184701,816.8420133063438,812.6063622451336,815.6090273730669
2026-01-03 18:45:00,815.6090273730669,818.2217438949318,814.7312215720252,815.4128271345247
2026-01-03 19:00:00,815.4128271345247,816.4106103687641,812.5916544952142,812.6880397335683
2026-01-03 19:15:00,812.6880397335683,813.9145216605856,807.9160728964338,810.9296394515078
2026-01-03 19:30:00,810.9296394515078,810.9342238058322,809.1412974648805,810.9093815144139
2026-01-03 19:45:00,810.9093815144139,817.3265260262617,807.3269089435311,816.0747632520541
2026-01-03 20:00:00,816.0747632520541,817.6396202265273,811.1868120917558,811.2617957219261
2026-01-03 20:15:00,811.2617957219261,811.7761247278657,804.5683302661498,807.9913006877978
2026-01-03 20:30:00,807.9913006877978,812.7543045592457,805.2904289043565,808.0950214700688
2026-01-03 20:45:00,808.0950214700688,811.7746807211117,800.8746032036007,801.796445024206
2026-01-03 21:00:00,801.796445024206,803.294397044692,799.972704987733,801.157968171115
2026-01-03 21:15:00,801.157968171115,801.4026655060821,795.1373545704479,797.1259513816705
2026-01-03 21:30:00,797.1259513816705,803.2599674726363,794.7228632993908,800.5879717952382
2026-01-03 21:45:00,800.5879717952382,803.2567867351925,797.3084673715126,797.6202445815204
2026-01-03 22:00:00,797.6202445815204,798.1159986396364,793.453424055751,793.7472140462721
2026-01-03 22:15:00,793.7472140462721,795.4763908593897,788.7773259294166,791.7060384272437
2026-01-03 22:30:00,791.7060384272437,793.2638344953284,789.1720419719945,791.599448505577
2026-01-03 22:45:00,791.599448505577,791.6128045109648,780.5317709634353,782.3764506672289
2026-01-03 23:00:00,782.3764506672289,784.9423167111498,778.958681508426,779.5469445993842
2026-01-03 23:15:00,779.5469445993842,780.072759548285,777.8843052485,779.6878480835551
2026-01-03 23:30:00,779.6878480835551,782.5765988178503,771.4994514580053,773.8884217028348
2026-01-03 23:45:00,773.8884217028348,775.8439493537757,772.0893358445941,775.7888900445363
2026-01-04 00:00:00,775.7888900445363,776.9542149369282,768.9488943205845,771.2921443793504
2026-01-04 00:15:00,771.2921443793504,777.4620941540417,766.7793821745756,768.8981531920026
2026-01-04 00:30:00,768.8981531920026,770.320518138626,755.973012031428,758.0395498978293
2026-01-04 00:45:00,758.0395498978293,761.4072017289853,753.3687762396302,756.0500523133643
2026-01-04 01:00:00,756.0500523133643,756.1878976170096,751.714235552185,752.0413039580296
2026-01-04 01:15:00,752.0413039580296,753.3907898178197,747.8966271059186,748.5620604161925
2026-01-04 01:30:00,748.5620604161925,750.1652701152161,746.34183939359,747.303103367032
2026-01-04 01:45:00,747.303103367032,758.1802029822002,745.2475995623056,752.5615764854159
2026-01-04 02:00:00,752.5615764854159,754.7381892496365,748.8417501314628,751.4159987887934
2026-01-04 02:15:00,751.4159987887934,752.6843216703923,735.0666944550021,740.766987497721
2026-01-04 02:30:00,740.766987497721,746.5527132670353,737.5133820464179,744.8005448687043
2026-01-04 02:45:00,744.8005448687043,745.4427968102173,743.5261035695819,745.4091151420366
2026-01-04 03:00:00,745.4091151420366,749.9423440985919,734.9772634882081,735.0373334751299
2026-01-04 03:15:00,735.0373334751299,735.4178148069615,726.0295090262365,729.7952676825497
2026-01-04 03:30:00,729.7952676825497,734.8032894014522,723.0378925641664,724.5098525892182
2026-01-04 03:45:00,724.5098525892182,729.9250515791005,723.4364474912977,728.433614662154
2026-01-04 04:00:00,728.433614662154,730.4605837887243,725.9968572386256,727.6294670570461
2026-01-04 04:15:00,727.6294670570461,727.9575786306342,725.9719477422844,727.8871695026895
2026-01-04 04:30:00,727.8871695026895,731.6758524351965,727.0062533638314,727.8099607767181
2026-01-04 04:45:00,727.8099607767181,730.2951218459956,723.9235046226754,728.3365007145846
2026-01-04 05:00:00,728.3365007145846,733.4973867361238,725.7279515743261,730.9501940836709
2026-01-04 05:15:00,730.9501940836709,742.8745551517247,727.9230137293931,733.8864120943073
2026-01-04 05:30:00,733.8864120943073,734.9918295655107,723.3964604572685,726.3184875693364
2026-01-04 05:45:00,726.3184875693364,729.2797106561143,724.2772392875577,727.863970549278
2026-01-04 06:00:00,727.863970549278,737.4095094905701,726.6797191753687,733.4511120255283
2026-01-04 06:15:00,733.4511120255283,740.6782955191508,729.1251275289011,738.3797152923045
2026-01-04 06:30:00,738.3797152923045,740.6742083597875,737.8929573204158,740.3492698442885
2026-01-04 06:45:00,740.3492698442885,742.2423115186799,736.0370216229171,737.3197919877688
2026-01-04 07:00:00,737.3197919877688,741.7510289028982,736.2396470941646,739.9610091195668
2026-01-04 07:15:00,739.9610091195668,742.6088597078957,737.1079788340639,742.2106122787476
2026-01-04 07:30:00,742.2106122787476,742.3995774281267,738.7936702046643,739.9566269045138
2026-01-04 07:45:00,739.9566269045138,742.5409254193669,736.2117540263163,741.8614927916492
2026-01-04 08:00:00,741.8614927916492,742.0340374694902,729.4196601922482,731.0770117586782
2026-01-04 08:15:00,731.0770117586782,732.0536571399095,728.3835556388416,731.7490539751452
2026-01-04 08:30:00,731.7490539751452,737.6610622131834,731.289202809116,735.6222933877007
2026-01-04 08:45:00,735.6222933877007,739.2960832972738,728.9551454081587,729.8234227737693
2026-01-04 09:00:00,729.8234227737693,732.2659142240904,725.7034669807624,725.9983047474428
2026-01-04 09:15:00,725.9983047474428,729.6436098081961,722.0379350455783,724.6310567809537
2026-01-04 09:30:00,724.6310567809537,727.064934779656,713.9767339648482,715.5659729520693
2026-01-04 09:45:00,715.5659729520693,719.3652934247827,711.0078706047498,711.8870702131019
2026-01-04 10:00:00,711.8870702131019,715.0929008850056,698.3148818263666,701.6713257184208
2026-01-04 10:15:00,701.6713257184208,707.7755647517669,696.0432872899506,706.5614768308035
2026-01-04 10:30:00,706.5614768308035,708.0749390832239,701.4017887921474,705.9370966607474
2026-01-04 10:45:00,705.9370966607474,712.4422041994275,704.7244880848247,710.7298098318608
2026-01-04 11:00:00,710.7298098318608,716.7508862895489,710.5353146820188,715.3225020177819
2026-01-04 11:15:00,715.3225020177819,723.4070557893017,711.2161214602211,721.8300466839755
2026-01-04 11:30:00,721.8300466839755,726.8275155615669,719.5768356704513,723.8234991127441
2026-01-04 11:45:00,723.8234991127441,732.4385915538265,721.7127327919525,731.9403265363569
2026-01-04 12:00:00,731.9403265363569,740.7010831726263,730.8648578084271,736.4388860763781
2026-01-04 12:15:00,736.4388860763781,742.8615448171117,722.9045074203051,729.9782648825565
2026-01-04 12:30:00,729.9782648825565,734.8799397037694,728.8483446481031,734.4510602452257
2026-01-04 12:45:00,734.4510602452257,734.5115930363371,726.8724099335909,730.7713634462643
2026-01-04 13:00:00,730.7713634462643,736.0776695282352,728.5749154800501,734.365829318758
2026-01-04 13:15:00,734.365829318758,734.6844448741738,733.9177470683686,734.4641059059179
2026-01-04 13:30:00,734.4641059059179,736.0523772607656,732.4542197282047,735.565928451131
2026-01-04 13:45:00,735.565928451131,735.6129364986975,728.8879658041948,730.53183149832
2026-01-04 14:00:00,730.53183149832,733.1834073286043,728.9107749247166,730.695149267322
2026-01-04 14:15:00,730.695149267322,730.8425288452167,727.8054410901185,728.9405073690675
2026-01-04 14:30:00,728.9405073690675,730.2693343739028,724.9341991495963,726.6815814447643
2026-01-04 14:45:00,726.6815814447643,727.7077274061181,719.6665002192811,719.7449114803356
2026-01-04 15:00:00,719.7449114803356,720.438494137667,712.8300430962215,714.4461445651772
2026-01-04 15:15:00,714.4461445651772,716.6809525669297,708.6392862753705,708.7749819450361
2026-01-04 15:30:00,708.7749819450361,709.1100760749047,703.8703272555072,705.6910257409344
2026-01-04 15:45:00,705.6910257409344,706.6514573100812,703.1503129918159,705.1389696422056
2026-01-04 16:00:00,705.1389696422056,715.3665176840476,705.0932234853196,713.0908974626157
2026-01-04 16:15:00,713.0908974626157,714.5120186566896,706.1435426486399,707.9017650632705
2026-01-04 16:30:00,707.9017650632705,714.9178412949267,707.1909906624153,713.2274384108357
2026-01-04 16:45:00,713.2274384108357,713.8694232024499,706.893581884306,710.3326016634386
2026-01-04 17:00:00,710.3326016634386,711.9514902519488,707.8495311177987,708.2465869276981
2026-01-04 17:15:00,708.2465869276981,724.865206437111,705.7200063674652,723.9272197254588
2026-01-04 17:30:00,723.9272197254588,724.3686536941614,709.089339873958,713.2105949816366
2026-01-04 17:45:00,713.2105949816366,717.321865665801,711.3344928963677,717.1725835426407
2026-01-04 18:00:00,717.1725835426407,723.0458415903321,716.4360778120064,721.6018476767093
2026-01-04 18:15:00,721.6018476767093,723.7031173512779,718.0534421881626,718.9853601324683
2026-01-04 18:30:00,718.9853601324683,719.4334387192331,714.2526369608066,714.3059197654867
2026-01-04 18:45:00,714.3059197654867,722.0302464732237,713.3636441516298,719.6929807113005
2026-01-04 19:00:00,719.6929807113005,724.9272248849937,707.3109550190578,712.0604992253168
2026-01-04 19:15:00,712.0604992253168,724.1974807037316,711.2835333811332,723.7698352402614
2026-01-04 19:30:00,723.7698352402614,725.2275215501095,721.5554415966461,724.5582971270919
2026-01-04 19:45:00,724.5582971270919,733.9808856265657,723.2210887554842,729.3128048487469
2026-01-04 20:00:00,729.3128048487469,731.496719634355,723.9032616029377,725.7526256612477
2026-01-04 20:15:00,725.7526256612477,728.9268791074733,723.723323255351,728.0650111795769
2026-01-04 20:30:00,728.0650111795769,733.7144159292238,725.8687272036514,730.9488840245078
2026-01-04 20:45:00,730.9488840245078,732.9370281181141,727.0468351522742,727.7604255720618
2026-01-04 21:00:00,727.7604255720618,735.1202288241053,726.6272740858772,732.4843707383296
2026-01-04 21:15:00,732.4843707383296,734.4012247927355,727.5738692031033,730.5350244996462
2026-01-04 21:30:00,730.5350244996462,730.8118878328088,718.2775423885198,719.4081396577694
2026-01-04 21:45:00,719.4081396577694,720.8045268886053,716.2676489702193,718.708988622523
2026-01-04 22:00:00,718.708988622523,720.8276878771858,718.4171943804813,719.396847941999
2026-01-04 22:15:00,719.396847941999,724.1767209432298,711.6164438676369,713.4807715573678
2026-01-04 22:30:00,713.4807715573678,716.6530753830386,709.439800751458,710.7677220737341
2026-01-04 22:45:00,710.7677220737341,712.1393365802624,710.1967193830495,711.010503824275
2026-01-04 23:00:00,711.010503824275,715.2299687467736,710.2024717347921,714.0711067949326
2026-01-04 23:15:00,714.0711067949326,722.9597137926094,713.4041112726972,722.9169906596563
2026-01-04 23:30:00,722.9169906596563,724.6313055351462,711.9553451297811,714.046021832123
2026-01-04 23:45:00,714.046021832123,721.283266552557,713.674614041105,721.0534782717746
2026-01-05 00:00:00,721.0534782717746,722.0811057667142,719.8276198844452,719.9817346432942
2026-01-05 00:15:00,719.9817346432942,727.4989024852133,719.4573228812777,725.4587255899941
2026-01-05 00:30:00,725.4587255899941,727.7703557588006,725.0416460334768,726.3581085818852
2026-01-05 00:45:00,726.3581085818852,731.7804676697453,722.3307162088009,730.341501166865
2026-01-05 01:00:00,730.341501166865,733.8637951765613,726.7944889992899,733.357774224283
2026-01-05 01:15:00,733.357774224283,738.9821215696109,729.8334494381093,738.8161675640273
2026-01-05 01:30:00,738.8161675640273,744.1022262208066,736.7919138565936,737.0629644315195
2026-01-05 01:45:00,737.0629644315195,739.8047608321484,736.6348280299976,738.4349322363327
2026-01-05 02:00:00,738.4349322363327,739.0581849854804,733.814333790275,735.5315426883441
2026-01-05 02:15:00,735.5315426883441,738.6254411084221,730.091725431932,730.2745576917151
2026-01-05 02:30:00,730.2745576917151,731.7472601203467,723.8579247104013,724.5381846799111
2026-01-05 02:45:00,724.5381846799111,728.6635641131317,718.9796435648976,719.2327009390219
2026-01-05 03:00:00,719.2327009390219,719.6602303389467,712.8951050846252,713.5970237430918
2026-01-05 03:15:00,713.5970237430918,717.7796432517484,708.3791185581354,708.5125723485276
2026-01-05 03:30:00,708.5125723485276,709.948945247833,700.7392187960671,704.7061260838302
2026-01-05 03:45:00,704.7061260838302,708.1847456283009,693.0689667965064,695.0380510874738
2026-01-05 04:00:00,695.0380510874738,696.390551390819,693.643799083172,694.2345665085649
2026-01-05 04:15:00,694.2345665085649,694.6990530339858,686.5740863132598,688.7458812729924
2026-01-05 04:30:00,688.7458812729924,690.2767973862894,686.3470033026181,689.9065192715728
2026-01-05 04:45:00,689.9065192715728,703.9719114293154,688.9736547465188,695.8472681595457
2026-01-05 05:00:00,695.8472681595457,697.957320643902,693.3310705034403,696.556808727094
2026-01-05 05:15:00,696.556808727094,697.0707219293154,692.4167408269992,696.7879394041497
2026-01-05 05:30:00,696.7879394041497,698.3997679977537,683.5860369462957,685.7188427874546
2026-01-05 05:45:00,685.7188427874546,689.1652623065108,683.6967036055127,686.5392612766466
2026-01-05 06:00:00,686.5392612766466,689.6927906002619,683.8013925009769,684.4365184853926
2026-01-05 06:15:00,684.4365184853926,686.1821936706075,680.2305334191626,684.0773037602866
2026-01-05 06:30:00,684.0773037602866,692.9498851518849,681.6771776138131,691.2348383519561
2026-01-05 06:45:00,691.2348383519561,691.9125137771647,686.4974228400954,688.212676011088
2026-01-05 07:00:00,688.212676011088,688.567633276722,686.6948002021188,687.931569860591
2026-01-05 07:15:00,687.931569860591,690.0542434534054,682.405379447044,685.9596616588501
2026-01-05 07:30:00,685.9596616588501,695.6889763911116,684.9172150952941,694.6723651500786
2026-01-05 07:45:00,694.6723651500786,695.6324141092371,693.2999951550147,693.5411367236516
2026-01-05 08:00:00,693.5411367236516,698.4557027059539,686.609189689836,687.6443739405044
2026-01-05 08:15:00,687.6443739405044,696.5238086975196,686.9099710630411,694.990509007596
2026-01-05 08:30:00,694.990509007596,698.2603184734866,683.377561877274,686.004196891352
2026-01-05 08:45:00,686.004196891352,687.4079093145216,684.4942455106038,685.5961033554817
2026-01-05 09:00:00,685.5961033554817,687.5176045504749,678.890798887167,679.2607152880535
2026-01-05 09:15:00,679.2607152880535,683.6151748708802,674.5238656416531,676.1692682051116
2026-01-05 09:30:00,676.1692682051116,678.6072301737314,668.5632914794585,674.1299240295004
2026-01-05 09:45:00,674.1299240295004,676.5520352264973,666.5852430945778,670.8936074938631
2026-01-05 10:00:00,670.8936074938631,673.0661112341533,656.821360486018,667.3987338740861
2026-01-05 10:15:00,667.3987338740861,667.9569611293742,658.1317591260215,659.1606841039055
2026-01-05 10:30:00,659.1606841039055,659.7769511596383,654.8646960141878,656.2321541718711
2026-01-05 10:45:00,656.2321541718711,657.061775038456,652.5836006066727,652.6479787967796
2026-01-05 11:00:00,652.6479787967796,655.2140622847209,650.6553677348819,652.9130895106299
2026-01-05 11:15:00,652.9130895106299,657.6115727813831,641.2630306711117,648.1660774451636
2026-01-05 11:30:00,648.1660774451636,653.7759172421984,646.9437476199561,653.0347420259147
2026-01-05 11:45:00,653.0347420259147,653.4635402426907,650.3925014259104,652.8867956390179
2026-01-05 12:00:00,652.8867956390179,655.0946420714212,649.1897481110082,650.6327298193736
2026-01-05 12:15:00,650.6327298193736,653.7613539175746,648.5481716027033,651.2883059336054
2026-01-05 12:30:00,651.2883059336054,652.931877708069,646.4986763185599,647.8774542126578
2026-01-05 12:45:00,647.8774542126578,653.7170455249906,646.7486662884437,651.6201704251632
2026-01-05 13:00:00,651.6201704251632,655.0558567112951,649.8592694696623,653.4814085728277
2026-01-05 13:15:00,653.4814085728277,656.7791795712901,651.1270780485315,656.0059935146986
2026-01-05 13:30:00,656.0059935146986,656.0588548024759,649.9419690973787,651.4273613023223
2026-01-05 13:45:00,651.4273613023223,655.5933135696206,649.4044472590368,649.8736934152573
2026-01-05 14:00:00,649.8736934152573,656.819262587594,646.3370617136455,656.812477508579
2026-01-05 14:15:00,656.812477508579,658.6373221608288,651.8824628351937,652.3088803404938
2026-01-05 14:30:00,652.3088803404938,652.600417035486,643.607193442822,643.7390452294079
2026-01-05 14:45:00,643.7390452294079,652.0988641933815,643.3345762309498,645.4559374505757
2026-01-05 15:00:00,645.4559374505757,645.8719409370216,641.9756470177714,643.7513167303734
2026-01-05 15:15:00,643.7513167303734,646.083778526871,634.8879606991453,640.9592127847496
2026-01-05 15:30:00,640.9592127847496,642.917028716393,636.6623225040034,638.1906913923993
2026-01-05 15:45:00,638.1906913923993,641.4803711219281,628.2533089292392,637.6164009312126
2026-01-05 16:00:00,637.6164009312126,637.6502346902313,634.4127890317015,635.13415740803
2026-01-05 16:15:00,635.13415740803,640.6831406122591,631.7355480551627,637.3827475535885
2026-01-05 16:30:00,637.3827475535885,639.0933334412474,635.8965136774017,636.9441995991999
2026-01-05 16:45:00,636.9441995991999,644.1848804729685,636.6419816647212,642.312904956199
2026-01-05 17:00:00,642.312904956199,647.2473463446245,639.1828590567791,642.8876243705444
2026-01-05 17:15:00,642.8876243705444,649.4336377356761,640.1681367825706,647.3097632695756
2026-01-05 17:30:00,647.3097632695756,649.6384292653423,643.0145760892076,644.3692726187041
2026-01-05 17:45:00,644.3692726187041,650.092116263764,643.0466177710601,650.0909547542794
2026-01-05 18:00:00,650.0909547542794,650.5517503987074,643.5169831866808,644.634891621505
2026-01-05 18:15:00,644.634891621505,646.1484267432512,643.9738480303612,645.4295882611261
2026-01-05 18:30:00,645.4295882611261,650.0579616638064,642.925820659067,644.4008780169977
2026-01-05 18:45:00,644.4008780169977,645.2289789744123,638.8652462526662,640.8497596722527
2026-01-05 19:00:00,640.8497596722527,650.0462988803592,638.8683940560275,647.035148884528
2026-01-05 19:15:00,647.035148884528,652.7041862875202,646.677004491169,651.507135482869
2026-01-05 19:30:00,651.507135482869,651.7689759761878,643.7227779966831,644.2256978104311
2026-01-05 19:45:00,644.2256978104311,649.5334517379796,639.120521200362,640.8466506337376
2026-01-05 20:00:00,640.8466506337376,643.644085739202,638.2488624400581,643.5523879739442
2026-01-05 20:15:00,643.5523879739442,650.9294570059835,643.5092313270173,649.9648103806021
2026-01-05 20:30:00,649.9648103806021,650.3877268618317,649.1728648956431,649.3969487452194
2026-01-05 20:45:00,649.3969487452194,657.4645631994186,649.2849958011362,657.1020893486983
2026-01-05 21:00:00,657.1020893486983,663.1400968108333,653.58010059605,661.6507707586862
2026-01-05 21:15:00,661.6507707586862,661.8779312310141,654.7529106208164,658.3679260053556
2026-01-05 21:30:00,658.3679260053556,658.4584988545632,656.6547489643148,656.7006992385659
2026-01-05 21:45:00,656.7006992385659,662.2423227262133,655.344704140879,659.4699602428336
2026-01-05 22:00:00,659.4699602428336,663.7564126024304,657.0247527375722,661.5692163991464
2026-01-05 22:15:00,661.5692163991464,667.6584237985419,659.3360091771251,664.1812342880914
2026-01-05 22:30:00,664.1812342880914,668.2292063639718,662.0090983515954,667.7083154374509
2026-01-05 22:45:00,667.7083154374509,672.0729843157966,655.4396992723666,668.7324127092764
2026-01-05 23:00:00,668.7324127092764,670.6881223818855,664.2804790269712,669.4020626003964
2026-01-05 23:15:00,669.4020626003964,670.243497912442,666.3817959561081,669.8466362125647
2026-01-05 23:30:00,669.8466362125647,670.0293101402488,665.3290213294467,668.4617270648371
2026-01-05 23:45:00,668.4617270648371,669.4060647894942,666.3570214985689,667.6518386920644
2026-01-06 00:00:00,667.6518386920644,670.3359500537822,663.1983575208334,669.6058935546134
2026-01-06 00:15:00,669.6058935546134,670.5428454082381,663.9161920695693,663.9583171798839
2026-01-06 00:30:00,663.9583171798839,667.7523912705848,662.3748497071579,665.0170786280913
2026-01-06 00:45:00,665.0170786280913,668.2821338908705,659.7880332310447,660.5703825983732
2026-01-06 01:00:00,660.5703825983732,664.8234002852291,657.8194855836398,664.3669497353246
2026-01-06 01:15:00,664.3669497353246,668.8696824851183,663.7820176300901,667.8355897600475
2026-01-06 01:30:00,667.8355897600475,669.7613643951703,667.0472414256008,668.6908886356879
2026-01-06 01:45:00,668.6908886356879,670.119509319995,663.8034535527567,666.7103224237572
2026-01-06 02:00:00,666.7103224237572,669.0297090714755,662.6039345307639,668.6988171074879
2026-01-06 02:15:00,668.6988171074879,678.9912081958863,666.7351029632295,674.6569797969203
2026-01-06 02:30:00,674.6569797969203,675.9719407271331,672.7553140496923,672.7867147989324
2026-01-06 02:45:00,672.7867147989324,674.4148600506395,661.1202542591056,669.1792096299757
2026-01-06 03:00:00,669.1792096299757,673.5426593466495,660.503013779304,664.060881444235
2026-01-06 03:15:00,664.060881444235,665.6643910374723,662.0332511980012,665.2483261777629
2026-01-06 03:30:00,665.2483261777629,672.8854719400274,662.3600050331681,665.115270610877
2026-01-06 03:45:00,665.115270610877,673.2576690830685,664.6775846879248,667.5283985984888
2026-01-06 04:00:00,667.5283985984888,669.6353994365452,665.4217503075965,666.9182257395876
2026-01-06 04:15:00,666.9182257395876,676.657361330971,666.2149917225659,672.7444686461566
2026-01-06 04:30:00,672.7444686461566,686.9828187817452,670.006206462745,676.7493452487168
2026-01-06 04:45:00,676.7493452487168,679.4668383805429,670.0165401397958,672.5701580343198
2026-01-06 05:00:00,672.5701580343198,675.3584208754089,669.9431173476155,672.864449237319
2026-01-06 05:15:00,672.864449237319,674.5879083577407,669.4764706144998,670.0298561637977
2026-01-06 05:30:00,670.0298561637977,681.8103710683739,669.8421562501546,678.0261454562888
2026-01-06 05:45:00,678.0261454562888,678.9466215422439,672.7151195839878,675.7986364884699
2026-01-06 06:00:00,675.7986364884699,677.5430931661548,669.6239658928178,670.468702691113
2026-01-06 06:15:00,670.468702691113,673.9860278089528,670.0656701299281,672.6512370788532
2026-01-06 06:30:00,672.6512370788532,681.1902259655511,672.1450814086321,679.0000545335683
2026-01-06 06:45:00,679.0000545335683,684.4508929200176,677.6420975231651,682.6052238189844
2026-01-06 07:00:00,682.6052238189844,685.2940897980649,676.4586191256373,677.4255218330018
2026-01-06 07:15:00,677.4255218330018,682.2895854445112,675.9542901906982,682.2772742030872
2026-01-06 07:30:00,682.2772742030872,686.3426051686401,681.6305469182261,685.1661920240091
2026-01-06 07:45:00,685.1661920240091,692.4780351392436,680.237279626429,686.4065401525204
2026-01-06 08:00:00,686.4065401525204,691.5255725296083,686.3910012035384,688.6223546417583
2026-01-06 08:15:00,688.6223546417583,689.7047961073424,685.9086533978682,687.0659300517368
2026-01-06 08:30:00,687.0659300517368,687.681650841302,682.7141292813313,683.7675716845498
2026-01-06 08:45:00,683.7675716845498,686.0994317294524,679.3115239075421,680.6689369966108
2026-01-06 09:00:00,680.6689369966108,690.5402388242254,679.8565272902691,686.2838856276719
2026-01-06 09:15:00,686.2838856276719,690.3089307637385,683.3080109988161,688.044313445738
2026-01-06 09:30:00,688.044313445738,696.5978297392953,686.8655502270229,694.6872594749406
2026-01-06 09:45:00,694.6872594749406,695.0302354664012,687.2226295390733,688.4288615913526
2026-01-06 10:00:00,688.4288615913526,698.8323192683405,687.6373705706167,696.3097466519042
2026-01-06 10:15:00,696.3097466519042,698.4300162895676,689.738194645697,691.8439266584661
2026-01-06 10:30:00,691.8439266584661,692.014368839688,686.3827693019551,686.8896508732079
2026-01-06 10:45:00,686.8896508732079,690.9512641701317,682.1447685323067,684.18969242473
2026-01-06 11:00:00,684.18969242473,685.6478182780776,679.3765505519328,681.4046421408085
2026-01-06 11:15:00,681.4046421408085,682.9924647581505,677.8397335851143,678.228739503821
2026-01-06 11:30:00,678.228739503821,678.6801245691148,674.5471449051641,678.2716008716844
2026-01-06 11:45:00,678.2716008716844,687.2857053162817,675.7454216364287,685.5006328964001
2026-01-06 12:00:00,685.5006328964001,687.5379701275865,677.6233762684531,679.8622314955088
2026-01-06 12:15:00,679.8622314955088,684.0019563680573,679.1129352194278,682.7887085625304
2026-01-06 12:30:00,682.7887085625304,692.3823637018887,682.2840489255807,690.7879712145213
2026-01-06 12:45:00,690.7879712145213,693.0276989172006,690.6511509771228,691.7691725454295
2026-01-06 13:00:00,691.7691725454295,692.6941679953741,690.9034783422626,690.9552930741859
2026-01-06 13:15:00,690.9552930741859,691.2445327846635,688.802192686678,690.6194964638494
2026-01-06 13:30:00,690.6194964638494,700.7310748039629,679.3707447512331,698.7612905066408
2026-01-06 13:45:00,698.7612905066408,707.2627927279551,698.1816186329124,706.1562482327422
2026-01-06 14:00:00,706.1562482327422,710.6229334694351,702.5075452295014,708.3511664971346
2026-01-06 14:15:00,708.3511664971346,708.4989587352431,704.4143177597664,705.98898973581
2026-01-06 14:30:00,705.98898973581,716.7577687318379,704.8896824931436,714.5641624697499
2026-01-06 14:45:00,714.5641624697499,719.4214955220906,711.8413051406299,718.3605478261932
2026-01-06 15:00:00,718.3605478261932,727.3084065629342,710.3105608477599,720.4606577796661
2026-01-06 15:15:00,720.4606577796661,722.4364244351195,717.4223596527278,720.7072551633225
2026-01-06 15:30:00,720.7072551633225,728.6796301332363,717.7623224039314,727.2690194759319
2026-01-06 15:45:00,727.2690194759319,736.089695373861,725.5823749828086,731.7061615968911
2026-01-06 16:00:00,731.7061615968911,738.8001789326895,725.2057767266253,731.2819419882526
2026-01-06 16:15:00,731.2819419882526,732.3668121975321,719.9602395225946,723.136229930226
2026-01-06 16:30:00,723.136229930226,724.2194176930118,719.5731406393041,721.3119588106179
2026-01-06 16:45:00,721.3119588106179,725.0730275018902,719.9650379947008,724.344149058887
2026-01-06 17:00:00,724.344149058887,729.202915091613,721.3717854532293,725.5514528035612
2026-01-06 17:15:00,725.5514528035612,726.7589972412594,720.6571045548409,721.218007300659
2026-01-06 17:30:00,721.218007300659,724.2174270750455,717.3515261658943,717.8570853531597
2026-01-06 17:45:00,717.8570853531597,718.6655450172032,714.5141929173271,715.2039582269064
2026-01-06 18:00:00,715.2039582269064,717.6584051667228,710.6795623842813,717.296163824934
2026-01-06 18:15:00,717.296163824934,718.518291646887,710.7905527469102,712.8116630721796
2026-01-06 18:30:00,712.8116630721796,717.7923994825452,711.2505873917314,713.9541933013761
2026-01-06 18:45:00,713.9541933013761,719.2929695713362,707.8675933246154,708.820104940409
2026-01-06 19:00:00,708.820104940409,710.1434419556822,706.5730616904643,708.8390035829765
2026-01-06 19:15:00,708.8390035829765,723.158685545908,707.9818523927605,719.0425621600901
2026-01-06 19:30:00,719.0425621600901,723.2515318046989,718.3213555798353,720.3977608365522
2026-01-06 19:45:00,720.3977608365522,727.6394014259539,719.8359165740686,725.6034672486228
2026-01-06 20:00:00,725.6034672486228,730.1088166397042,723.7148747919781,728.3354680104546
2026-01-06 20:15:00,728.3354680104546,738.8186403745746,725.6563006140328,728.3203995367103
2026-01-06 20:30:00,728.3203995367103,731.6733470549948,718.3098475889692,725.1517568024396
2026-01-06 20:45:00,725.1517568024396,733.8984591667447,722.4599052611187,733.7815937301061
2026-01-06 21:00:00,733.7815937301061,736.9279361305379,731.8607059242137,733.6207907658885
2026-01-06 21:15:00,733.6207907658885,734.3411556010844,733.49314074931,734.2469441621989
2026-01-06 21:30:00,734.2469441621989,736.3164756786089,732.2033995403218,733.5381401888054
2026-01-06 21:45:00,733.5381401888054,739.3798415521103,732.17477500768,735.2514255988182
2026-01-06 22:00:00,735.2514255988182,741.1350606275686,726.649261481001,730.8350274873864
2026-01-06 22:15:00,730.8350274873864,732.2683758683332,720.8423176599907,723.3452261349253
2026-01-06 22:30:00,723.3452261349253,731.5036709718884,715.9733849210795,725.4516339078724
2026-01-06 22:45:00,725.4516339078724,732.9663701026519,722.3486237884247,732.7819515212074
2026-01-06 23:00:00,732.7819515212074,740.9721908375773,731.8072546747247,737.6145809393817
2026-01-06 23:15:00,737.6145809393817,738.0486239237703,736.6361168442044,737.3209959257787
2026-01-06 23:30:00,737.3209959257787,742.3549005157386,735.0494433380181,741.6715997462186
2026-01-06 23:45:00,741.6715997462186,746.1483019573693,740.2370041913139,744.2835073144073
2026-01-07 00:00:00,744.2835073144073,745.7957528010069,741.9697951719229,742.004155506612
2026-01-07 00:15:00,742.004155506612,748.2133353624547,738.6617308746002,746.2162717661315
2026-01-07 00:30:00,746.2162717661315,753.5212429874396,743.8140171852618,752.2083208721546
2026-01-07 00:45:00,752.2083208721546,760.0850670431003,750.239167219146,757.4987589107255
2026-01-07 01:00:00,757.4987589107255,759.0413688280804,752.1421751933535,754.0081584612202
2026-01-07 01:15:00,754.0081584612202,755.5410564617653,749.2911565774632,750.5716150250496
2026-01-07 01:30:00,750.5716150250496,753.7280319803111,746.4150340817816,747.184264185841
2026-01-07 01:45:00,747.184264185841,748.6783782918051,740.5823818253667,741.2468819242445
2026-01-07 02:00:00,741.2468819242445,746.2206999955789,740.5097542602595,745.577728519395
2026-01-07 02:15:00,745.577728519395,749.1882034006613,744.2302971725651,747.52326830469
2026-01-07 02:30:00,747.52326830469,749.8270138612932,747.4367922719092,748.7186767762645
2026-01-07 02:45:00,748.7186767762645,752.033034548137,745.8317945507154,749.6531477472569
2026-01-07 03:00:00,749.6531477472569,758.1910445383731,742.4927221851892,755.6720450247784
2026-01-07 03:15:00,755.6720450247784,761.7550841779921,753.372850381792,761.2066052675802
2026-01-07 03:30:00,761.2066052675802,770.577249834572,760.1069041953514,769.4945341011407
2026-01-07 03:45:00,769.4945341011407,770.3033625457218,760.9367592096936,765.5568175265272
2026-01-07 04:00:00,765.5568175265272,771.8827852721612,764.2536344240926,770.6742908541331
2026-01-07 04:15:00,770.6742908541331,774.4831177363156,767.4146313687154,772.1535210447911
2026-01-07 04:30:00,772.1535210447911,776.6805104282915,769.9283023668927,773.8716099336032
2026-01-07 04:45:00,773.8716099336032,782.6897807608045,770.1645785204445,779.9818568318641
2026-01-07 05:00:00,779.9818568318641,783.9857443030734,778.213458954956,778.9507620735332
2026-01-07 05:15:00,778.9507620735332,784.0759995451406,777.0720149251183,780.6568466195681
2026-01-07 05:30:00,780.6568466195681,787.3931299434618,777.7391731165121,778.270081373329
2026-01-07 05:45:00,778.270081373329,782.1321279096231,770.893949214247,774.3545926097196
2026-01-07 06:00:00,774.3545926097196,774.6824040483201,769.4509780034409,771.9383317403035
2026-01-07 06:15:00,771.9383317403035,777.423217871022,770.1688370690515,776.038252785734
2026-01-07 06:30:00,776.038252785734,778.0939145089586,774.9021075691813,777.9294067195303
2026-01-07 06:45:00,777.9294067195303,779.354845531225,776.2869343571418,778.9019547832883
2026-01-07 07:00:00,778.9019547832883,780.4526653816823,775.5741150853852,776.6546533290979
2026-01-07 07:15:00,776.6546533290979,776.7905345687901,775.0049462351328,776.0597175749222
2026-01-07 07:30:00,776.0597175749222,778.3738867009065,773.240298924582,774.3121453512109
2026-01-07 07:45:00,774.3121453512109,775.3156111716542,773.1817758020372,773.580914366288
2026-01-07 08:00:00,773.580914366288,774.3114579144496,772.6010067758755,772.6701729507
2026-01-07 08:15:00,772.6701729507,773.4613582300955,769.3477854153698,770.0102215615916
2026-01-07 08:30:00,770.0102215615916,770.0499131885866,766.281268059721,766.491289403317
2026-01-07 08:45:00,766.491289403317,768.5051480095493,758.5591328030388,759.768121407149
2026-01-07 09:00:00,759.768121407149,764.876425525301,751.3507546612203,755.3823801568745
2026-01-07 09:15:00,755.3823801568745,760.9899787096275,751.1415004823142,760.1236246535517
2026-01-07 09:30:00,760.1236246535517,761.2222701104528,756.8033242700066,756.918614061277
2026-01-07 09:45:00,756.918614061277,766.892897788438,756.1122986164673,764.7997093789102
2026-01-07 10:00:00,764.7997093789102,769.1211529278285,763.0575022190563,763.5929469736814
2026-01-07 10:15:00,763.5929469736814,768.3028411552394,760.0158373598848,764.1137406581788
2026-01-07 10:30:00,764.1137406581788,765.5673321259991,756.9369690824036,760.1862248198638
2026-01-07 10:45:00,760.1862248198638,761.4817318386889,754.1576207992802,755.9995981475895
2026-01-07 11:00:00,755.9995981475895,759.3528041088749,753.5689000028519,758.4059560608015
2026-01-07 11:15:00,758.4059560608015,761.7345297134012,757.898801885405,760.1551081537565
2026-01-07 11:30:00,760.1551081537565,763.9362248592612,757.7300654241163,762.905930572395
2026-01-07 11:45:00,762.905930572395,768.1195228362528,760.9552325433715,766.2746340796689
2026-01-07 12:00:00,766.2746340796689,768.5927659145143,764.8725570362055,767.7672886087686
2026-01-07 12:15:00,767.7672886087686,770.6673836797892,765.7659850914085,770.5990540274731
2026-01-07 12:30:00,770.5990540274731,772.2114183760731,764.7159060159262,769.6400147292411
2026-01-07 12:45:00,769.6400147292411,775.6845253832366,761.449014593864,762.5484209813976
2026-01-07 13:00:00,762.5484209813976,769.2616100588118,762.2376552732052,768.4578709621844
2026-01-07 13:15:00,768.4578709621844,769.5760619694685,752.4706881766775,761.1084111308375
2026-01-07 13:30:00,761.1084111308375,762.8371605289516,760.4760265881566,761.7104399177857
2026-01-07 13:45:00,761.7104399177857,764.4575733321268,760.9855206995251,763.2039408900015
2026-01-07 14:00:00,763.2039408900015,764.4057107738788,760.1489387863571,761.1389670739479
2026-01-07 14:15:00,761.1389670739479,769.2312586119189,759.4715390041159,767.6231548053448
2026-01-07 14:30:00,767.6231548053448,772.1785892964198,767.4074062183591,771.9280766157385
2026-01-07 14:45:00,771.9280766157385,779.0331069588191,771.7868626260998,778.6047729073624
2026-01-07 15:00:00,778.6047729073624,782.8113221694086,775.1329131807256,782.3804626259852
2026-01-07 15:15:00,782.3804626259852,789.0779902344079,780.2788013978621,787.1216604123056
2026-01-07 15:30:00,787.1216604123056,794.1167604603963,785.7929030351733,791.832329619913
2026-01-07 15:45:00,791.832329619913,794.0654124007518,790.806039785611,791.872957277477
2026-01-07 16:00:00,791.872957277477,794.4132857112693,790.9785547241205,791.691480186208
2026-01-07 16:15:00,791.691480186208,791.8789409754025,781.0190504833654,787.5995496193469
2026-01-07 16:30:00,787.5995496193469,797.4396886284622,786.5728734590216,796.620689163034
2026-01-07 16:45:00,796.620689163034,806.484484732631,792.7764901276197,804.3968683868163
2026-01-07 17:00:00,804.3968683868163,805.7035072025461,802.3995808028147,804.2135119581757
2026-01-07 17:15:00,804.2135119581757,806.9042947057853,801.7723718252807,802.3418515060944
2026-01-07 17:30:00,802.3418515060944,807.5121830626042,798.1348905601709,803.7443140943593
2026-01-07 17:45:00,803.7443140943593,806.6672917523009,803.5116557535621,804.6622937635166
2026-01-07 18:00:00,804.6622937635166,811.6601038926773,804.0814495845825,808.9068997646859
2026-01-07 18:15:00,808.9068997646859,818.952404273506,806.7947979150711,815.3116519138038
2026-01-07 18:30:00,815.3116519138038,818.6196690760061,812.8252037195211,817.5056617254482
2026-01-07 18:45:00,817.5056617254482,831.0229688646858,816.1810014205848,827.686901943128
2026-01-07 19:00:00,827.686901943128,834.3165325284751,827.119846354814,829.738847539589
2026-01-07 19:15:00,829.738847539589,833.9360241669192,823.5944185720781,825.487265595793
2026-01-07 19:30:00,825.487265595793,827.0474185119654,824.2628487218187,826.3838239681878
2026-01-07 19:45:00,826.3838239681878,828.7657442867394,820.6534400779763,821.6899143119756
2026-01-07 20:00:00,821.6899143119756,822.412833075777,813.2291228329377,814.5130413508989
2026-01-07 20:15:00,814.5130413508989,822.6470210216224,808.2822990350556,819.3044596555734
2026-01-07 20:30:00,819.3044596555734,822.1674154146117,817.725398030848,818.6305365665032
2026-01-07 20:45:00,818.6305365665032,824.6807769033901,817.6422553796762,824.261844345555
2026-01-07 21:00:00,824.261844345555,826.3816918840341,823.2641251779352,825.25124692698
2026-01-07 21:15:00,825.25124692698,826.004855168867,822.6807762515301,823.0557965477226
2026-01-07 21:30:00,823.0557965477226,827.0506502389554,821.7654277546819,825.0552322905136
2026-01-07 21:45:00,825.0552322905136,829.3393102281857,824.3154718654152,826.7893472852827
2026-01-07 22:00:00,826.7893472852827,829.8249924247108,821.394577953783,822.0293850847096
2026-01-07 22:15:00,822.0293850847096,823.2515879995807,819.3461221674161,819.7957780369426
2026-01-07 22:30:00,819.7957780369426,820.5649310150208,818.9662106824062,819.1716617719861
2026-01-07 22:45:00,819.1716617719861,822.5034964521839,816.8867393279169,817.5942443928632
2026-01-07 23:00:00,817.5942443928632,820.6334024031352,817.0986633349186,820.0703551674617
2026-01-07 23:15:00,820.0703551674617,824.5473207579396,816.4802699894657,824.1021974058094
2026-01-07 23:30:00,824.1021974058094,833.0677212950189,823.5873436062325,831.9619581445891
2026-01-07 23:45:00,831.9619581445891,836.4000224725894,829.5041479288336,832.0724691246977
2026-01-08 00:00:00,832.0724691246977,837.4202791750507,827.7800450238127,836.379096072018
2026-01-08 00:15:00,836.379096072018,838.324182429824,835.4559541335649,838.1163732580516
2026-01-08 00:30:00,838.1163732580516,847.3650011606844,837.831435314952,844.7716045521898
2026-01-08 00:45:00,844.7716045521898,852.2084161049131,842.4162613202357,848.5795581374005
2026-01-08 01:00:00,848.5795581374005,854.2301284793257,847.5882306291029,851.6960180332347
2026-01-08 01:15:00,851.6960180332347,852.3579094769445,842.4379114366678,845.0987606945893
2026-01-08 01:30:00,845.0987606945893,845.9977431766492,834.0070002517834,843.1531216310332
2026-01-08 01:45:00,843.1531216310332,851.4386972932015,842.3654569955899,850.3580404292951
2026-01-08 02:00:00,850.3580404292951,850.7829264046632,849.3862853439412,849.6582170814193
2026-01-08 02:15:00,849.6582170814193,855.501588463371,849.5755616624643,855.3052733240838
2026-01-08 02:30:00,855.3052733240838,858.0370132650029,853.2118638288209,857.8734023476018
2026-01-08 02:45:00,857.8734023476018,859.736298053078,849.7921794815206,854.4720798062939
2026-01-08 03:00:00,854.4720798062939,860.3090879499517,852.9153028376854,859.7172515478392
2026-01-08 03:15:00,859.7172515478392,859.9607153586653,856.4052254716823,858.3778383717759
2026-01-08 03:30:00,858.3778383717759,865.0094551378324,855.6568737138109,861.9093183801375
2026-01-08 03:45:00,861.9093183801375,864.6316569842272,860.9621567537256,861.2028553917581
2026-01-08 04:00:00,861.2028553917581,866.3803659338046,860.1928567092764,864.8088642748826
2026-01-08 04:15:00,864.8088642748826,865.6666964293133,862.5080930089958,862.8558106868202
2026-01-08 04:30:00,862.8558106868202,871.4066146027404,859.9581204629377,869.5157145151801
2026-01-08 04:45:00,869.5157145151801,876.472003617917,867.8603569930034,874.2671261762782
2026-01-08 05:00:00,874.2671261762782,880.7681118018203,872.1145975298166,878.2471305038591
2026-01-08 05:15:00,878.2471305038591,882.9598530828642,875.3198657149733,881.2434149988059
2026-01-08 05:30:00,881.2434149988059,881.6973075667684,879.0702004899499,881.0346990041892
2026-01-08 05:45:00,881.0346990041892,895.0148070775897,879.675887314935,889.9951730372043
2026-01-08 06:00:00,889.9951730372043,891.721052452337,882.7055769066487,883.5246788231121
2026-01-08 06:15:00,883.5246788231121,887.4748585843446,880.7111740338227,886.9858209015827
2026-01-08 06:30:00,886.9858209015827,892.7177639967313,885.0049440071135,891.1244216262029
2026-01-08 06:45:00,891.1244216262029,897.394275542348,887.7732966584359,893.7263824969356
2026-01-08 07:00:00,893.7263824969356,897.7472806594249,886.5104465677185,888.1281141812188
2026-01-08 07:15:00,888.1281141812188,895.3846360290731,886.598667801034,892.3694565122804
2026-01-08 07:30:00,892.3694565122804,898.6159436042958,888.9100094106565,897.3141961665606
2026-01-08 07:45:00,897.3141961665606,904.2791254097513,892.8574188457155,903.3597244090663
2026-01-08 08:00:00,903.3597244090663,904.646549280352,900.1459891469619,902.9334318909087
2026-01-08 08:15:00,902.9334318909087,913.9624590292706,900.1726020213036,911.7460822882412
2026-01-08 08:30:00,911.7460822882412,924.3133052488728,908.0751639187091,920.0207927426177
2026-01-08 08:45:00,920.0207927426177,926.9272750274303,918.4078491089757,925.9563992936919
2026-01-08 09:00:00,925.9563992936919,934.8857944436988,924.5513469226771,934.3471918211309
2026-01-08 09:15:00,934.3471918211309,941.8622412793369,932.780306141103,939.923890938682
2026-01-08 09:30:00,939.923890938682,953.0347967854938,936.6377340636633,946.0954692205848
2026-01-08 09:45:00,946.0954692205848,954.0438516815162,945.2638518427448,952.1115409117208
2026-01-08 10:00:00,952.1115409117208,952.7432342907914,947.5555149169214,949.4946114805533
2026-01-08 10:15:00,949.4946114805533,956.53846278931,939.4282830772369,952.8733663870551
2026-01-08 10:30:00,952.8733663870551,954.3161011541065,952.6982510898277,953.6551004427074
2026-01-08 10:45:00,953.6551004427074,961.6912406859424,951.726898022601,956.9559968878021
2026-01-08 11:00:00,956.9559968878021,958.2652244528272,951.197530980302,952.5785455736878
2026-01-08 11:15:00,952.5785455736878,955.6993145330135,946.5118119743576,951.9849910187347
2026-01-08 11:30:00,951.9849910187347,954.2172108689015,944.0396204417639,947.7276851016219
2026-01-08 11:45:00,947.7276851016219,948.4725014294509,939.1532423648895,941.2166786332696
2026-01-08 12:00:00,941.2166786332696,951.7737762511248,940.0462649958613,950.2274362942155
2026-01-08 12:15:00,950.2274362942155,953.7619490505996,949.2385936859845,951.1618259746738
2026-01-08 12:30:00,951.1618259746738,954.9856715816736,947.5066631655162,948.301881252243
2026-01-08 12:45:00,948.301881252243,950.2170645032606,946.1408133754129,950.098473835448
2026-01-08 13:00:00,950.098473835448,956.3543265359281,943.45377743421,944.2383032703057
2026-01-08 13:15:00,944.2383032703057,946.6668334256015,937.1160593526814,938.1614283949713
2026-01-08 13:30:00,938.1614283949713,948.6554452950103,936.151130827923,948.6126141570406
2026-01-08 13:45:00,948.6126141570406,952.1102599090382,937.2217885516071,938.484745237574
2026-01-08 14:00:00,938.484745237574,943.2455614601812,933.6829218310023,934.7890475701718
2026-01-08 14:15:00,934.7890475701718,946.0652324195216,932.0830463101896,943.8072201626567
2026-01-08 14:30:00,943.8072201626567,951.5910918272751,942.3135713245263,950.3171920877052
2026-01-08 14:45:00,950.3171920877052,951.2594888109306,948.7194750761947,948.8892193678737
2026-01-08 15:00:00,948.8892193678737,949.9767989111584,946.0192821879589,947.027252040494
2026-01-08 15:15:00,947.027252040494,949.5645833275466,936.143027384107,939.8551849477506
2026-01-08 15:30:00,939.8551849477506,941.9670896315048,936.6521415338768,938.2119876406639
2026-01-08 15:45:00,938.2119876406639,954.8580415965497,937.6877268958006,947.6565974370307
2026-01-08 16:00:00,947.6565974370307,961.7351786794511,943.9547483099608,960.5421575363732
2026-01-08 16:15:00,960.5421575363732,961.6552817539762,952.8311781251377,954.4333769704323
2026-01-08 16:30:00,954.4333769704323,955.9316983237845,953.7957476760179,954.2634105434088
2026-01-08 16:45:00,954.2634105434088,960.875639614092,954.0914958048755,959.0799616760997
2026-01-08 17:00:00,959.0799616760997,960.8485842040374,956.6475369614155,956.8102772613232
2026-01-08 17:15:00,956.8102772613232,957.9225735933621,952.1699162181627,955.445965056485
2026-01-08 17:30:00,955.445965056485,957.27476075918,952.5705349749741,953.6516797709585
2026-01-08 17:45:00,953.6516797709585,957.0213297233635,948.0807383834751,956.0621838664633
2026-01-08 18:00:00,956.0621838664633,957.1020425898321,954.4310698041761,955.9159246455154
2026-01-08 18:15:00,955.9159246455154,957.1261782679758,952.4211255239911,952.744581455539
2026-01-08 18:30:00,952.744581455539,954.5209598351573,948.9234830661807,950.2596628192475
2026-01-08 18:45:00,950.2596628192475,954.166888678154,945.9645720435733,948.3052422162071
2026-01-08 19:00:00,948.3052422162071,954.2376352311313,947.2788425310168,953.7691452890538
2026-01-08 19:15:00,953.7691452890538,965.2336359499652,951.813263620038,960.2342795649821
2026-01-08 19:30:00,960.2342795649821,969.912693828855,959.9141329298919,965.6549890883385
2026-01-08 19:45:00,965.6549890883385,967.1848745323492,958.3297215699007,960.8399402913567
2026-01-08 20:00:00,960.8399402913567,961.3023074884989,952.6953383217431,953.7461586034718
2026-01-08 20:15:00,953.7461586034718,960.1909457214769,941.9663351844765,946.4828736383802
2026-01-08 20:30:00,946.4828736383802,946.8989183149089,940.7930064136618,944.5235967448457
2026-01-08 20:45:00,944.5235967448457,953.7020439854724,941.5828007793186,953.3164130718178
2026-01-08 21:00:00,953.3164130718178,955.1225402174283,949.1694995748489,949.370578601369
2026-01-08 21:15:00,949.370578601369,950.9480141294504,945.6158109516371,948.441896336177
2026-01-08 21:30:00,948.441896336177,948.7301420127502,946.2575830292823,948.4087772385919
2026-01-08 21:45:00,948.4087772385919,957.8695482685428,930.895175369978,936.4405729590294
2026-01-08 22:00:00,936.4405729590294,941.4702593563956,916.9921658691572,921.0345587488729
2026-01-08 22:15:00,921.0345587488729,924.4009881863723,916.2972304941276,917.7600702511915
2026-01-08 22:30:00,917.7600702511915,919.0055531461281,908.2478442952848,909.3394825074841
2026-01-08 22:45:00,909.3394825074841,911.1335847568615,904.9802432893259,905.0860380054536
2026-01-08 23:00:00,905.0860380054536,907.9728394560148,899.6531726498415,899.7526626096414
2026-01-08 23:15:00,899.7526626096414,900.4632065176003,899.2623756464492,899.396584384531
2026-01-08 23:30:00,899.396584384531,901.7679682113284,891.780871126476,895.5473597513153
2026-01-08 23:45:00,895.5473597513153,897.2975853007853,883.4760064778199,884.4096731411141
2026-01-09 00:00:00,884.4096731411141,886.8386284815347,869.2356261387971,871.3600887065481
2026-01-09 00:15:00,871.3600887065481,881.0792524937647,868.7775527848484,879.7993320203021
2026-01-09 00:30:00,879.7993320203021,880.9464144223034,860.7872166740151,864.0815663770103
2026-01-09 00:45:00,864.0815663770103,878.3429032275229,860.5737931151621,873.7320475235427
2026-01-09 01:00:00,873.7320475235427,881.0995992242964,871.7973300330405,879.7265820571798
2026-01-09 01:15:00,879.7265820571798,881.2381268080694,869.4378592089348,872.6642490993478
2026-01-09 01:30:00,872.6642490993478,874.0104777664537,868.6847321980175,869.4474941487483
2026-01-09 01:45:00,869.4474941487483,882.975158288996,869.3183717045505,882.4953915225133
2026-01-09 02:00:00,882.4953915225133,883.2876246183173,881.196663554092,881.4455452696266
2026-01-09 02:15:00,881.4455452696266,886.2633730205794,871.2518902687902,873.8799931539205
2026-01-09 02:30:00,873.8799931539205,880.029401526629,871.6723654064996,872.5886641593224
2026-01-09 02:45:00,872.5886641593224,877.5016051579308,869.7022999344598,876.8471443160083
2026-01-09 03:00:00,876.8471443160083,878.6657556938661,874.3840238699186,876.2143246884064
2026-01-09 03:15:00,876.2143246884064,880.8888217750437,869.1130230975606,872.0419690339351
2026-01-09 03:30:00,872.0419690339351,872.482001706513,866.9670681250839,867.1238263748878
2026-01-09 03:45:00,867.1238263748878,869.8509111890593,858.5340321094039,859.4057374012278
2026-01-09 04:00:00,859.4057374012278,869.0218791210137,854.3377321465973,866.4202345214799
2026-01-09 04:15:00,866.4202345214799,868.5616679651393,854.7927238420993,857.0084171823403
2026-01-09 04:30:00,857.0084171823403,858.0003782078078,849.3613820909742,853.8709687017032
2026-01-09 04:45:00,853.8709687017032,855.5866451833908,850.8357489725906,853.2161155529406
2026-01-09 05:00:00,853.2161155529406,855.7835892619327,851.6918328901413,855.371003936222
2026-01-09 05:15:00,855.371003936222,860.2330295813161,854.7458627207786,858.0642612022469
2026-01-09 05:30:00,858.0642612022469,863.2401655502472,853.7121656536224,859.6706692002649
2026-01-09 05:45:00,859.6706692002649,861.5061799003464,857.3061219302222,858.9869874496825
2026-01-09 06:00:00,858.9869874496825,860.3911967742163,852.9878204051561,853.5069543770202
2026-01-09 06:15:00,853.5069543770202,856.9092337287789,852.6928199234285,856.1631647143848
2026-01-09 06:30:00,856.1631647143848,858.692229288958,842.1939113143443,846.1537424845524
2026-01-09 06:45:00,846.1537424845524,846.7227970098343,844.8208287578507,845.2888562647375
2026-01-09 07:00:00,845.2888562647375,846.219923488543,841.1066670900785,841.4352667510751
2026-01-09 07:15:00,841.4352667510751,842.9888496527942,836.5676984644011,842.6357724800525
2026-01-09 07:30:00,842.6357724800525,848.9403282209037,840.0117551161364,847.5869153343293
2026-01-09 07:45:00,847.5869153343293,847.8996377155985,838.5125118753729,839.2576239748006
2026-01-09 08:00:00,839.2576239748006,841.4633950374499,836.7429814882383,839.8750757177746
2026-01-09 08:15:00,839.8750757177746,842.9265117969941,839.5445411424184,842.7654784167903
2026-01-09 08:30:00,842.7654784167903,845.0754655851815,839.4348911201662,839.8280194971493
2026-01-09 08:45:00,839.8280194971493,851.4559846198085,839.2455138129977,845.988566803115
2026-01-09 09:00:00,845.988566803115,847.9068658532709,843.3085384372556,847.0756415665821
2026-01-09 09:15:00,847.0756415665821,853.2904783653224,846.3439050438689,852.0326370730191
2026-01-09 09:30:00,852.0326370730191,852.4446872826302,849.504082699984,851.5199887219455
2026-01-09 09:45:00,851.5199887219455,852.674036152233,842.2401170650852,845.2149629585929
2026-01-09 10:00:00,845.2149629585929,845.7961391804066,841.6781862886722,844.837187241183
2026-01-09 10:15:00,844.837187241183,847.0649895423999,836.453615898894,836.8015543565131
2026-01-09 10:30:00,836.8015543565131,836.855250503486,829.1016505304456,829.5008384827901
2026-01-09 10:45:00,829.5008384827901,833.1045024091493,823.6926531411439,827.6226791649242
2026-01-09 11:00:00,827.6226791649242,830.0110922113681,824.9833446025206,828.9445527233829
2026-01-09 11:15:00,828.9445527233829,833.3852260250379,815.2324396169683,815.551579858079
2026-01-09 11:30:00,815.551579858079,815.5979122944806,813.3351484689232,814.3424149185247
2026-01-09 11:45:00,814.3424149185247,815.9147124079036,811.7148621408652,812.8616779318955
2026-01-09 12:00:00,812.8616779318955,813.8354162348745,810.6723512718181,813.2009533942139
2026-01-09 12:15:00,813.2009533942139,816.3444403514037,807.893418856595,811.1365095470876
2026-01-09 12:30:00,811.1365095470876,812.1348530144486,807.651213870537,809.174164594922
2026-01-09 12:45:00,809.174164594922,809.7843532112443,797.0088668801889,797.0578806343931
2026-01-09 13:00:00,797.0578806343931,800.9715573787369,794.912075374381,797.395238772086
2026-01-09 13:15:00,797.395238772086,805.6990771245668,796.178812929878,804.2367310848339
2026-01-09 13:30:00,804.2367310848339,805.9743954507422,793.697682739148,797.5940335559418
2026-01-09 13:45:00,797.5940335559418,803.8214497410894,797.4046802318019,799.2551561211167
2026-01-09 14:00:00,799.2551561211167,801.5838643073074,791.9775794525672,792.9991931523697
2026-01-09 14:15:00,792.9991931523697,793.397531186466,786.627517704112,789.4947293862074
2026-01-09 14:30:00,789.4947293862074,789.9795034106091,787.9472595963207,787.964596002649
2026-01-09 14:45:00,787.964596002649,788.326133455597,784.257294414857,784.7238997916202
2026-01-09 15:00:00,784.7238997916202,787.9419856672646,776.64382102359,779.321842946475
2026-01-09 15:15:00,779.321842946475,779.3982131937307,774.529187685948,778.8598969555118
2026-01-09 15:30:00,778.8598969555118,784.56297035219,776.9756008332115,781.7018112632787
2026-01-09 15:45:00,781.7018112632787,782.5440090804273,781.0994515269196,781.3716552087242
2026-01-09 16:00:00,781.3716552087242,784.1558973909628,780.4918772720357,783.8607780031765
2026-01-09 16:15:00,783.8607780031765,788.8927499955224,782.7881453495858,786.3051686551019
2026-01-09 16:30:00,786.3051686551019,789.7370802539762,785.8596153555592,787.8410832868948
2026-01-09 16:45:00,787.8410832868948,789.97535665973,785.8114476649796,786.6860747490614
2026-01-09 17:00:00,786.6860747490614,789.2859498195166,784.9142503165626,786.2657612335745
2026-01-09 17:15:00,786.2657612335745,789.8050791161901,782.6064282531092,784.4285335715155
2026-01-09 17:30:00,784.4285335715155,785.602559161327,782.3415681837981,783.4958254793451
2026-01-09 17:45:00,783.4958254793451,788.6112565091606,781.0600804823797,785.7599177732416
2026-01-09 18:00:00,785.7599177732416,790.3481632846033,780.2396972460863,782.0523296395088
2026-01-09 18:15:00,782.0523296395088,786.0822081073608,780.3157849269255,785.0879194891546
2026-01-09 18:30:00,785.0879194891546,785.1879424366384,780.951349268697,781.6543035444195
2026-01-09 18:45:00,781.6543035444195,792.3666959409882,781.3072283779732,789.3082077056506
2026-01-09 19:00:00,789.3082077056506,790.6187526560367,787.3334191779126,788.9600362743224
2026-01-09 19:15:00,788.9600362743224,797.1224584572564,788.4254258858027,795.0324236341831
2026-01-09 19:30:00,795.0324236341831,798.7061325008654,793.8671322217223,794.530872241306
2026-01-09 19:45:00,794.530872241306,796.2473016404718,793.3510322403682,796.1063305593447
2026-01-09 20:00:00,796.1063305593447,800.2416711725975,794.5820438740222,799.6851774343008
2026-01-09 20:15:00,799.6851774343008,803.4860518412295,797.481587418842,802.6213357756944
2026-01-09 20:30:00,802.6213357756944,805.9512290209293,801.6767859655306,804.694130567948
2026-01-09 20:45:00,804.694130567948,813.6467180596237,801.5218045853237,806.9704399563184
2026-01-09 21:00:00,806.9704399563184,809.8120374551913,803.9525583675211,805.2415476100833
2026-01-09 21:15:00,805.2415476100833,807.4623855449945,801.8158041387426,803.6746753036483
2026-01-09 21:30:00,803.6746753036483,809.3691918944976,797.3938452734125,801.4759525659598
2026-01-09 21:45:00,801.4759525659598,803.5493647228014,800.7359012860553,802.9715137781059
2026-01-09 22:00:00,802.9715137781059,808.6287665433495,800.3769017105141,806.0163426595249
2026-01-09 22:15:00,806.0163426595249,809.9888673575628,804.3424800200396,808.0363586292518
2026-01-09 22:30:00,808.0363586292518,809.9376945816671,802.2496547035737,803.018421223451
2026-01-09 22:45:00,803.018421223451,804.3317646542374,796.4674728704024,801.7261424788352
2026-01-09 23:00:00,801.7261424788352,807.2312071276581,800.5433566923455,806.4185563171179
2026-01-09 23:15:00,806.4185563171179,809.6856047340427,804.5831363350418,808.5519572264689
2026-01-09 23:30:00,808.5519572264689,809.6971739534802,805.1950151262164,805.3994923807663
2026-01-09 23:45:00,805.3994923807663,807.2757507382756,801.2405228734236,805.6661609126769
2026-01-10 00:00:00,805.6661609126769,808.9841091978242,804.3280625962984,808.6104508638763
2026-01-10 00:15:00,808.6104508638763,815.121720612554,805.7710330498467,810.6881153695406
2026-01-10 00:30:00,810.6881153695406,819.8434191967635,809.9056436827015,816.5517810577963
2026-01-10 00:45:00,816.5517810577963,819.943196972768,814.2425389601945,818.693369921485
2026-01-10 01:00:00,818.693369921485,824.5231637272593,818.1590294925544,819.0195446499621
2026-01-10 01:15:00,819.0195446499621,823.251125398577,810.3227891627346,812.0269420967754
2026-01-10 01:30:00,812.0269420967754,818.3447777637477,807.4837593950115,814.6000946093633
2026-01-10 01:45:00,814.6000946093633,824.4207641101937,809.5609880229732,816.1095168307688
2026-01-10 02:00:00,816.1095168307688,818.4915467737325,814.209830899846,817.8969378995101
2026-01-10 02:15:00,817.8969378995101,822.5489863627953,816.593289897046,819.5418979635775
2026-01-10 02:30:00,819.5418979635775,819.8207172423065,816.7213327445033,817.7955351978967
2026-01-10 02:45:00,817.7955351978967,822.8633384455918,817.3584391768924,820.6963535687944
2026-01-10 03:00:00,820.6963535687944,825.8106914247647,819.5574299084822,825.3430184431899
2026-01-10 03:15:00,825.3430184431899,830.0696108973381,823.6191211806329,825.9955568878738
2026-01-10 03:30:00,825.9955568878738,827.7908402577413,822.2449293290643,825.7617131756763
2026-01-10 03:45:00,825.7617131756763,831.9456976092995,819.5157401248083,829.4131593888832
2026-01-10 04:00:00,829.4131593888832,831.9538645441672,827.2886469718378,827.3377075960175
2026-01-10 04:15:00,827.3377075960175,830.8926585283206,825.8367997598151,826.4960246730573
2026-01-10 04:30:00,826.4960246730573,830.5312621258905,826.2664705284861,828.0127909806955
2026-01-10 04:45:00,828.0127909806955,831.6637531523131,827.5841378321012,830.651155577352
2026-01-10 05:00:00,830.651155577352,834.8419565204757,828.534783761394,832.6194672358297
2026-01-10 05:15:00,832.6194672358297,835.1206223114165,831.9187210252721,833.0286187061046
2026-01-10 05:30:00,833.0286187061046,839.0569423314613,831.7702048938435,836.5767195084811
2026-01-10 05:45:00,836.5767195084811,837.5577956789757,834.7704183374944,835.0193273430111
2026-01-10 06:00:00,835.0193273430111,835.2498695601795,830.6778285085104,831.532191772773
2026-01-10 06:15:00,831.532191772773,835.2252760541926,826.8179492088185,831.0235584202524
2026-01-10 06:30:00,831.0235584202524,832.2519206945376,829.1324717010965,831.1408836237295
2026-01-10 06:45:00,831.1408836237295,834.730672089775,828.0157741917332,832.3137071543838
2026-01-10 07:00:00,832.3137071543838,834.9948808774685,829.3892189169926,830.699298891799
2026-01-10 07:15:00,830.699298891799,836.7001863375867,826.2935514937859,829.9570403653246
2026-01-10 07:30:00,829.9570403653246,836.2168306711585,829.5162646941774,835.1319119884994
2026-01-10 07:45:00,835.1319119884994,840.2197371041855,833.4216947218384,837.6984707870729
2026-01-10 08:00:00,837.6984707870729,842.3553137943281,834.1033836899226,834.6373209351382
2026-01-10 08:15:00,834.6373209351382,835.9741428949599,827.9984642663119,828.3005483910474
2026-01-10 08:30:00,828.3005483910474,837.8147538788503,826.6831061145683,835.6147061056461
2026-01-10 08:45:00,835.6147061056461,846.9897524935125,825.79902883983,842.7082918525928
2026-01-10 09:00:00,842.7082918525928,843.7205857303495,840.7474237414793,843.6273752271578
2026-01-10 09:15:00,843.6273752271578,845.8575663873676,842.9417389439473,845.018685240385
2026-01-10 09:30:00,845.018685240385,846.1515720077648,836.2793669996145,837.4118888844268
2026-01-10 09:45:00,837.4118888844268,840.0834031718788,835.7686576572725,839.893959261709
2026-01-10 10:00:00,839.893959261709,840.6105389134307,838.4643401136146,839.9091861928811
2026-01-10 10:15:00,839.9091861928811,842.5647553336339,835.8691946685861,841.9737346763525
2026-01-10 10:30:00,841.9737346763525,843.3022929307953,837.9232592692326,840.0932875822257
2026-01-10 10:45:00,840.0932875822257,841.158470274973,836.3799499670761,838.5056918705333
2026-01-10 11:00:00,838.5056918705333,838.6403064336471,831.3814017280007,835.3708986647347
2026-01-10 11:15:00,835.3708986647347,837.0101187319348,830.8985387525321,835.8967241933561
2026-01-10 11:30:00,835.8967241933561,838.7003547880067,834.9801485210021,836.2628831119937
2026-01-10 11:45:00,836.2628831119937,839.0912568781063,829.4722306761294,837.5080614832673
2026-01-10 12:00:00,837.5080614832673,843.3109902367879,829.8174228354442,832.2314832480404
2026-01-10 12:15:00,832.2314832480404,838.8482743953666,826.9586984565876,828.2152931502699
2026-01-10 12:30:00,828.2152931502699,829.5453963086154,822.6875860196546,822.9307637180973
2026-01-10 12:45:00,822.9307637180973,824.0177043398435,814.7916183771965,821.0717970355862
2026-01-10 13:00:00,821.0717970355862,821.6395745972872,817.8879169904092,819.6431733061798
2026-01-10 13:15:00,819.6431733061798,819.8251392115028,806.8555544256636,814.5305636952987
2026-01-10 13:30:00,814.5305636952987,818.1441810732916,812.9015820278397,813.6153909574152
2026-01-10 13:45:00,813.6153909574152,813.627623603441,805.5478399689296,808.1405678864861
2026-01-10 14:00:00,808.1405678864861,813.5820338996296,807.5320885741858,810.2355480059015
2026-01-10 14:15:00,810.2355480059015,812.8276329247359,809.1256848418589,811.4837461171647
2026-01-10 14:30:00,811.4837461171647,815.686212360495,806.0609522465478,809.2581582938413
2026-01-10 14:45:00,809.2581582938413,811.4355157692685,807.7210429041038,810.1377526702062
2026-01-10 15:00:00,810.1377526702062,810.2670736013885,798.0230104641352,804.5158947602469
2026-01-10 15:15:00,804.5158947602469,815.8548297819862,804.0524241368,813.489074297681
2026-01-10 15:30:00,813.489074297681,818.2882630139046,811.649737563061,817.8509149195592
2026-01-10 15:45:00,817.8509149195592,825.6764526423563,817.219967600935,823.4816620731317
2026-01-10 16:00:00,823.4816620731317,826.2234429037875,821.2810844932,821.4127020089658
2026-01-10 16:15:00,821.4127020089658,826.4598864683034,819.3680000424259,823.9931502400957
2026-01-10 16:30:00,823.9931502400957,826.6795206610894,815.2149154269296,819.6628724348459
2026-01-10 16:45:00,819.6628724348459,820.0319778712693,818.8621370469699,819.8821063358998
2026-01-10 17:00:00,819.8821063358998,822.0058368162522,817.3314680406387,821.9049196375062
2026-01-10 17:15:00,821.9049196375062,827.6695081467528,821.4964047605849,826.66271499821
2026-01-10 17:30:00,826.66271499821,828.1658878551174,821.5876147988407,824.8525394616743
2026-01-10 17:45:00,824.8525394616743,827.5070774023749,821.233602142271,824.5933714267683
2026-01-10 18:00:00,824.5933714267683,826.0904625028533,823.3854954165278,824.3174122963297
2026-01-10 18:15:00,824.3174122963297,827.1936258172378,817.1806708701246,820.6959895660132
2026-01-10 18:30:00,820.6959895660132,822.660214680113,817.2274764325059,818.315828870811
2026-01-10 18:45:00,818.315828870811,823.7611793980927,815.8344290856531,821.280687980396
2026-01-10 19:00:00,821.280687980396,823.296199316875,813.721077127507,815.3986194536295
2026-01-10 19:15:00,815.3986194536295,824.4319872131653,814.514670394358,820.693228050546
2026-01-10 19:30:00,820.693228050546,829.5123379420531,819.6525438297936,825.9833371844032
2026-01-10 19:45:00,825.9833371844032,830.522824119858,824.084555983626,824.7827270665596
2026-01-10 20:00:00,824.7827270665596,828.6737703899556,823.3441506122433,826.5720580252822
2026-01-10 20:15:00,826.5720580252822,829.3897766356837,825.3383840299265,827.3208990194181
2026-01-10 20:30:00,827.3208990194181,829.1801819632366,823.282647596364,824.1719158999741
2026-01-10 20:45:00,824.1719158999741,828.5416577888482,822.6754311069254,827.2404850549941
2026-01-10 21:00:00,827.2404850549941,832.4645650742793,825.9279011260483,831.4843229954688
2026-01-10 21:15:00,831.4843229954688,842.9139995049804,824.814510487708,840.2240571209551
2026-01-10 21:30:00,840.2240571209551,846.5990503491154,838.0362728948355,842.620666197797
2026-01-10 21:45:00,842.620666197797,850.7379437926762,838.1281129613557,845.5202931987867
2026-01-10 22:00:00,845.5202931987867,850.0144446124694,844.0532260214933,849.2198051762164
2026-01-10 22:15:00,849.2198051762164,852.8396663329361,844.4328911542864,850.4097771824548
2026-01-10 22:30:00,850.4097771824548,853.5276835095193,849.2770332710868,853.1989342402949
2026-01-10 22:45:00,853.1989342402949,858.5034535827469,850.2123956526426,856.6561930809984
2026-01-10 23:00:00,856.6561930809984,859.2954265104488,847.4160249035805,858.6371826319581
2026-01-10 23:15:00,858.6371826319581,864.7001442614222,856.2789369284922,863.6280727399233
2026-01-10 23:30:00,863.6280727399233,868.1010271035071,863.3526889974803,866.1831315898156
2026-01-10 23:45:00,866.1831315898156,870.8198101012194,864.2555594219949,869.6298113603852
2026-01-11 00:00:00,869.6298113603852,871.6350846255956,869.188800171275,870.2386744670091
2026-01-11 00:15:00,870.2386744670091,873.997390969824,865.3583093948968,873.2255222236557
2026-01-11 00:30:00,873.2255222236557,880.9422901219107,871.2442234480764,878.1583099781491
2026-01-11 00:45:00,878.1583099781491,878.3837761908972,873.4551354648098,874.5173561645851
2026-01-11 01:00:00,874.5173561645851,877.7902534213332,874.018650817897,875.6621687086491
2026-01-11 01:15:00,875.6621687086491,878.2437417172405,874.5476659827789,875.1472643697749
2026-01-11 01:30:00,875.1472643697749,881.3690618359136,873.9331152317661,877.895976391727
2026-01-11 01:45:00,877.895976391727,885.0093185486701,876.2209947981473,880.7484626031646
2026-01-11 02:00:00,880.7484626031646,883.3009665216617,879.6595385463548,882.598792709536
2026-01-11 02:15:00,882.598792709536,887.1974807850511,874.4718580009578,881.3615888165488
2026-01-11 02:30:00,881.3615888165488,882.4416025841874,879.4719181784998,880.5809405423577
2026-01-11 02:45:00,880.5809405423577,883.9506667308086,878.4236021616508,881.4882654372641
2026-01-11 03:00:00,881.4882654372641,884.868883630573,881.4335547724282,883.1307497108575
2026-01-11 03:15:00,883.1307497108575,886.7316541577928,877.9275397366022,879.9999461538627
2026-01-11 03:30:00,879.9999461538627,881.2178100692747,879.0470184688177,879.1197084753788
2026-01-11 03:45:00,879.1197084753788,883.3288892345356,878.3754307291592,883.2236159052115
2026-01-11 04:00:00,883.2236159052115,886.2480816029398,882.1288774987744,884.7294955247594
2026-01-11 04:15:00,884.7294955247594,888.7096281693595,881.5193289366126,884.081683947609
2026-01-11 04:30:00,884.081683947609,884.702497021401,881.6738750528383,883.929725494835
2026-01-11 04:45:00,883.929725494835,884.2788072068894,878.8335526128125,881.5887602254662
2026-01-11 05:00:00,881.5887602254662,882.1832140661905,879.2128784798225,880.2882237739811
2026-01-11 05:15:00,880.2882237739811,882.4539029508911,874.78735297779,876.0735603139821
2026-01-11 05:30:00,876.0735603139821,876.1964190957922,870.9664134905787,872.8022974761288
2026-01-11 05:45:00,872.8022974761288,873.1993791259063,864.4916040361993,866.5298799785398
2026-01-11 06:00:00,866.5298799785398,868.6880803996686,866.1921547581948,867.5955265571404
2026-01-11 06:15:00,867.5955265571404,870.3947955069918,864.9791152875293,866.366310098153
2026-01-11 06:30:00,866.366310098153,873.0382411830968,862.2969609776746,866.9349567959302
2026-01-11 06:45:00,866.9349567959302,878.7687387767213,862.4912579622268,863.8731325507871
2026-01-11 07:00:00,863.8731325507871,865.4894863138245,860.210283286458,860.6807256173614
2026-01-11 07:15:00,860.6807256173614,863.6575529252639,858.9720233251434,863.3600105364911
2026-01-11 07:30:00,863.3600105364911,865.0346550314156,861.9582385809479,864.860202384853
2026-01-11 07:45:00,864.860202384853,865.8458768756071,857.8536730861208,860.0640067053602
2026-01-11 08:00:00,860.0640067053602,863.4194027783631,858.074533915672,861.1213679716352
2026-01-11 08:15:00,861.1213679716352,862.9227362782572,858.8594009115311,859.2069076376492
2026-01-11 08:30:00,859.2069076376492,860.8564166950742,857.7453270637699,858.2084520042893
2026-01-11 08:45:00,858.2084520042893,858.3704083254723,856.073868971841,856.3767293986336
2026-01-11 09:00:00,856.3767293986336,858.6113490919906,855.475424182354,857.1454690237026
2026-01-11 09:15:00,857.1454690237026,861.2396405121066,855.2803777843677,855.5656823854114
2026-01-11 09:30:00,855.5656823854114,859.4071009279755,853.8003425576812,857.4781639079569
2026-01-11 09:45:00,857.4781639079569,863.9794849173775,853.3031034752482,853.4566795082028
2026-01-11 10:00:00,853.4566795082028,857.0898691348083,848.8913099994375,852.6160965942655
2026-01-11 10:15:00,852.6160965942655,855.0981827750736,850.6141058735988,854.2323664539255
2026-01-11 10:30:00,854.2323664539255,856.0722304154033,849.7439813589616,850.5825503154409
2026-01-11 10:45:00,850.5825503154409,851.4402546877866,843.5019738898901,847.3003201159896
2026-01-11 11:00:00,847.3003201159896,850.1358261595149,845.2330367703282,847.6660369804283
2026-01-11 11:15:00,847.6660369804283,857.354444572935,847.1048633377071,850.3665171371865
2026-01-11 11:30:00,850.3665171371865,857.7607728776277,848.5343593293867,851.9983151887257
2026-01-11 11:45:00,851.9983151887257,856.4162095435263,851.074528582417,853.8750135445598
2026-01-11 12:00:00,853.8750135445598,854.1012266316156,847.6414041518467,850.9534651782117
2026-01-11 12:15:00,850.9534651782117,852.6029699313596,850.3905427831969,852.349714577831
2026-01-11 12:30:00,852.349714577831,853.8589833284044,850.0072510360661,852.6984502937421
2026-01-11 12:45:00,852.6984502937421,856.1756423430805,849.9923421145133,851.4849522511394
2026-01-11 13:00:00,851.4849522511394,853.3464720464233,849.844973163613,852.2056585105589
2026-01-11 13:15:00,852.2056585105589,854.7794231669345,850.5668667665393,850.8861695287536
2026-01-11 13:30:00,850.8861695287536,851.2628952329547,845.3569405044957,845.4571438094267
2026-01-11 13:45:00,845.4571438094267,846.1688640925107,841.873950761256,842.0518858216165
2026-01-11 14:00:00,842.0518858216165,847.3756205477113,838.1552520582758,844.2269888580383
2026-01-11 14:15:00,844.2269888580383,844.6200235199092,836.6060632046203,840.6678643751906
2026-01-11 14:30:00,840.6678643751906,843.8287304131171,833.4466400836774,838.9699535287851
2026-01-11 14:45:00,838.9699535287851,839.9531193996105,835.7132312252214,836.568094821616
2026-01-11 15:00:00,836.568094821616,837.9917112868887,832.416330712891,834.7386891511803
2026-01-11 15:15:00,834.7386891511803,837.6506153955019,832.3980135694786,837.0489279343343
2026-01-11 15:30:00,837.0489279343343,847.2577125391152,835.8029436595805,838.8851022025035
2026-01-11 15:45:00,838.8851022025035,839.055779944029,834.5686299320873,834.731494507238
2026-01-11 16:00:00,834.731494507238,839.4984919009063,833.4024293940716,837.0734552760622
2026-01-11 16:15:00,837.0734552760622,841.4230114186649,832.5136715202244,834.8987643126756
2026-01-11 16:30:00,834.8987643126756,838.2702781153223,830.7188703080434,831.2307161586319
2026-01-11 16:45:00,831.2307161586319,843.3659025146216,828.9107374792412,839.6690744523968
2026-01-11 17:00:00,839.6690744523968,840.8444177047219,836.951707545778,838.7400414137567
2026-01-11 17:15:00,838.7400414137567,840.9018866097558,837.1236291764675,838.3192692458924
2026-01-11 17:30:00,838.3192692458924,839.3084073908543,835.6897354319009,836.2006073450017
2026-01-11 17:45:00,836.2006073450017,836.8375518054977,830.8640533507868,832.8459341449397
2026-01-11 18:00:00,832.8459341449397,834.8660765247746,828.3170103028591,833.032372037396
2026-01-11 18:15:00,833.032372037396,833.3132637964684,832.0516383843784,832.2281905617443
2026-01-11 18:30:00,832.2281905617443,832.7352325621379,830.9282383643965,832.4928687950098
2026-01-11 18:45:00,832.4928687950098,834.1578506033628,831.1338184032178,832.5968710277647
2026-01-11 19:00:00,832.5968710277647,832.8138298437739,827.9527360641215,830.1719685639939
2026-01-11 19:15:00,830.1719685639939,831.8645628711956,828.5022874376479,828.8291771416306
2026-01-11 19:30:00,828.8291771416306,829.7243945064312,816.5232663473043,821.9789397241018
2026-01-11 19:45:00,821.9789397241018,824.1658054150498,819.6135428507596,822.9160815821946
2026-01-11 20:00:00,822.9160815821946,831.4806302751786,822.0398924834001,828.580798482085
2026-01-11 20:15:00,828.580798482085,834.2651735494838,824.7804912641541,827.5278334453631
2026-01-11 20:30:00,827.5278334453631,828.0446469899058,824.361004019453,824.8026208390575
2026-01-11 20:45:00,824.8026208390575,825.6220203255658,819.159236493519,820.6340036399033
2026-01-11 21:00:00,820.6340036399033,825.802287381369,818.8009155359069,823.1394036501174
2026-01-11 21:15:00,823.1394036501174,823.8726524001129,820.0359076828394,820.4359951001699
2026-01-11 21:30:00,820.4359951001699,823.9633561014191,818.7006146082546,818.9546888311617
2026-01-11 21:45:00,818.9546888311617,821.8690259821024,817.1001484329815,817.44248587527
2026-01-11 22:00:00,817.44248587527,818.4379431072401,816.0911316664681,817.4154582180868
2026-01-11 22:15:00,817.4154582180868,818.443801388355,813.5616578426177,814.2873071111561
2026-01-11 22:30:00,814.2873071111561,819.4800252734931,814.2576919110677,818.2521244828349
2026-01-11 22:45:00,818.2521244828349,826.3609714077741,811.2619048523419,819.7173681266864
2026-01-11 23:00:00,819.7173681266864,821.6298381173431,817.7527274576858,818.3789116793658
2026-01-11 23:15:00,818.3789116793658,823.6872893370584,816.3520119719219,819.8470777747393
2026-01-11 23:30:00,819.8470777747393,820.3956820752179,815.3589449968424,818.6801177087669
2026-01-11 23:45:00,818.6801177087669,821.2967331197991,816.074403693854,821.0518148230852
2026-01-12 00:00:00,821.0518148230852,822.1045990840157,820.7866999720196,820.9538363468279
2026-01-12 00:15:00,820.9538363468279,823.0938660488179,816.9786563372927,818.1098858933368
2026-01-12 00:30:00,818.1098858933368,822.5694580875149,817.9280636636782,822.4372376609208
2026-01-12 00:45:00,822.4372376609208,834.3385021924793,821.1384833343805,826.6915864412948
2026-01-12 01:00:00,826.6915864412948,827.2168644250489,819.365865250231,822.305690245118
2026-01-12 01:15:00,822.305690245118,826.4874507207442,821.4202547218607,824.1793724399745
2026-01-12 01:30:00,824.1793724399745,825.9076729263381,816.3073618349479,817.3324780955268
2026-01-12 01:45:00,817.3324780955268,829.9045546173294,816.7953702796462,828.3297929392983
2026-01-12 02:00:00,828.3297929392983,830.4673339784513,823.4276742114166,827.7959861064011
2026-01-12 02:15:00,827.7959861064011,828.5317982474145,824.3301112826972,825.8159709003418
2026-01-12 02:30:00,825.8159709003418,829.6470302342601,822.9987497796757,825.5793142528995
2026-01-12 02:45:00,825.5793142528995,825.6865403917628,814.2659664037453,819.1588100129402
2026-01-12 03:00:00,819.1588100129402,819.5510922591842,815.8906613544585,818.1200709711594
2026-01-12 03:15:00,818.1200709711594,819.5880973891632,810.5449550041322,812.042237353479
2026-01-12 03:30:00,812.042237353479,812.0623029363832,802.8484511986205,803.1143473324786
2026-01-12 03:45:00,803.1143473324786,804.7768983032329,798.2741701903294,799.0191837095358
2026-01-12 04:00:00,799.0191837095358,801.2766962072201,797.5632016260078,797.9314625722598
2026-01-12 04:15:00,797.9314625722598,802.7753525703071,788.8941809610241,792.4176502838004
2026-01-12 04:30:00,792.4176502838004,793.3873771349532,788.5339201997114,791.2515637323822
2026-01-12 04:45:00,791.2515637323822,794.328330336738,785.5041044070892,789.0171739552221
2026-01-12 05:00:00,789.0171739552221,791.7760493181979,788.6615148330222,791.3626369535757
2026-01-12 05:15:00,791.3626369535757,791.5482909810979,786.591087486811,788.6719633418381
2026-01-12 05:30:00,788.6719633418381,793.1300156334205,786.302617139911,791.2478733833525
2026-01-12 05:45:00,791.2478733833525,793.0549090229889,791.1986312114904,792.8697662836216
2026-01-12 06:00:00,792.8697662836216,793.2517345632479,791.2764716181255,791.6496613717338
2026-01-12 06:15:00,791.6496613717338,801.7650442950414,790.956122533278,799.3734190986067
2026-01-12 06:30:00,799.3734190986067,803.0012513133103,796.9817033980847,802.7270262889951
2026-01-12 06:45:00,802.7270262889951,803.2768701467742,798.7605864467663,799.9958491012516
2026-01-12 07:00:00,799.9958491012516,800.4637520757376,792.5872802081686,796.8155327281283
2026-01-12 07:15:00,796.8155327281283,797.5964144345837,793.0788827734059,794.1839234692471
2026-01-12 07:30:00,794.1839234692471,795.7495745395076,785.0684247049356,788.292692750538
2026-01-12 07:45:00,788.292692750538,788.971960800023,783.7317989792185,785.2906997664826
2026-01-12 08:00:00,785.2906997664826,786.440171982622,781.5897226091171,785.4253825071214
2026-01-12 08:15:00,785.4253825071214,786.3389453295305,781.4950608718508,782.6580457533712
2026-01-12 08:30:00,782.6580457533712,783.5009018392785,780.4258457284225,783.3515961309178
2026-01-12 08:45:00,783.3515961309178,788.1320855795117,778.3800295976574,779.9164841531308
2026-01-12 09:00:00,779.9164841531308,783.3159784915084,777.2447652708202,780.7053540452731
2026-01-12 09:15:00,780.7053540452731,784.7496211027749,780.2370504809135,780.7862339521394
2026-01-12 09:30:00,780.7862339521394,785.5616081453499,780.6483833463793,782.5643238873854
2026-01-12 09:45:00,782.5643238873854,786.3000455279165,779.9071154112205,785.716197649886
2026-01-12 10:00:00,785.716197649886,789.7711613825398,781.4075541873967,786.7380842644719
2026-01-12 10:15:00,786.7380842644719,787.2256810149277,780.7443932431954,781.3733445711604
2026-01-12 10:30:00,781.3733445711604,783.8407108954955,776.2658885653588,778.3338463651629
2026-01-12 10:45:00,778.3338463651629,782.5183995919651,774.9894133050743,777.7391697898003
2026-01-12 11:00:00,777.7391697898003,783.0689553782782,776.2148665181618,779.5322831041993
2026-01-12 11:15:00,779.5322831041993,781.7168751191878,777.5752923956275,780.0175621389644
2026-01-12 11:30:00,780.0175621389644,782.19310095226,776.6214270647811,781.9713605924414
2026-01-12 11:45:00,781.9713605924414,787.2545496067918,781.4840753167492,783.4409167111122
2026-01-12 12:00:00,783.4409167111122,792.5415305105494,781.8229290862497,787.4272492376732
2026-01-12 12:15:00,787.4272492376732,789.8324019965664,786.8177324170592,788.453101550403
2026-01-12 12:30:00,788.453101550403,795.2695098626394,781.5491729616531,783.7201651997734
2026-01-12 12:45:00,783.7201651997734,785.4941691340204,780.5552476783868,781.8763719183942
2026-01-12 13:00:00,781.8763719183942,782.0261309107411,777.7751206911355,779.328603499176
2026-01-12 13:15:00,779.328603499176,785.4867524003531,777.5562970621866,785.4152527019999
2026-01-12 13:30:00,785.4152527019999,785.5936342963817,776.6413322807791,781.7874159742307
2026-01-12 13:45:00,781.7874159742307,783.2064992562185,780.7983561165381,780.8256651994944
2026-01-12 14:00:00,780.8256651994944,789.3931520021611,779.2090970436317,788.0963567222959
2026-01-12 14:15:00,788.0963567222959,788.8117147336235,780.329685972688,782.3913434722133
2026-01-12 14:30:00,782.3913434722133,786.8679525119168,782.280324767927,785.3639570908867
2026-01-12 14:45:00,785.3639570908867,786.6586588206613,781.0415720458797,782.5086912050464
2026-01-12 15:00:00,782.5086912050464,789.2230884192096,774.9471855558154,785.8477303806427
2026-01-12 15:15:00,785.8477303806427,790.2567363146575,784.8562365443477,788.9748385260241
2026-01-12 15:30:00,788.9748385260241,790.4247249307791,786.7847720873575,787.7195500836037
2026-01-12 15:45:00,787.7195500836037,795.0812648417497,785.1308720596496,793.3255331203745
2026-01-12 16:00:00,793.3255331203745,805.5306065102848,793.2392128782373,803.6557122956907
2026-01-12 16:15:00,803.6557122956907,806.2245462163469,797.3583089664492,797.378418453259
2026-01-12 16:30:00,797.378418453259,803.9491207661728,795.4392836596908,799.3849126835707
2026-01-12 16:45:00,799.3849126835707,807.3132669284769,798.1667833466727,805.1307710947672
2026-01-12 17:00:00,805.1307710947672,807.3201538065455,800.1785756353606,804.7115503176607
2026-01-12 17:15:00,804.7115503176607,810.8235109002369,804.213238543007,809.8113913490547
2026-01-12 17:30:00,809.8113913490547,818.7948525556077,809.2516531427159,814.4937452609074
2026-01-12 17:45:00,814.4937452609074,814.9954069264342,809.8674988875796,813.0329169223788
2026-01-12 18:00:00,813.0329169223788,818.4609050976112,811.7439238088803,817.719735818684
2026-01-12 18:15:00,817.719735818684,819.9200203573427,811.7028881947081,817.0648218617414
2026-01-12 18:30:00,817.0648218617414,823.8052251180271,815.4712419369569,822.6920994802539
2026-01-12 18:45:00,822.6920994802539,825.3918191213157,820.9082006259375,823.688355992685
2026-01-12 19:00:00,823.688355992685,826.2702978894371,823.6207113098925,825.1548788390429
2026-01-12 19:15:00,825.1548788390429,826.0480802996416,812.0375885815236,817.6403992274004
2026-01-12 19:30:00,817.6403992274004,818.5552402672297,815.9433875009803,817.1126648149029
2026-01-12 19:45:00,817.1126648149029,826.3511303352662,815.1999127692218,825.4742893903039
2026-01-12 20:00:00,825.4742893903039,828.1199577017993,819.4672331946184,821.2191518143434
2026-01-12 20:15:00,821.2191518143434,822.8940607669061,818.0152291759883,822.835208026643
2026-01-12 20:30:00,822.835208026643,826.2645394156955,821.5032812654825,822.1849239705224
2026-01-12 20:45:00,822.1849239705224,827.1820169888842,820.3902406075445,826.3000035630872
2026-01-12 21:00:00,826.3000035630872,829.5625693134485,823.2895316995554,825.0836376436698
2026-01-12 21:15:00,825.0836376436698,829.4279136117615,822.6478646843246,824.2958389609574
2026-01-12 21:30:00,824.2958389609574,827.6750829905899,822.8473371036971,826.756659792983
2026-01-12 21:45:00,826.756659792983,830.3506946734802,825.1418589463932,829.0195477396278
2026-01-12 22:00:00,829.0195477396278,830.6126481701197,819.6573038013811,824.3090164368605
2026-01-12 22:15:00,824.3090164368605,828.8416144565787,821.9041798035402,826.3926222113171
2026-01-12 22:30:00,826.3926222113171,829.1707157178539,819.607019729435,821.0968784764054
2026-01-12 22:45:00,821.0968784764054,822.9068567003064,815.7822211384578,818.4758608127164
2026-01-12 23:00:00,818.4758608127164,820.4787815120246,815.4851036342511,816.9963637537285
2026-01-12 23:15:00,816.9963637537285,827.5031142457568,815.7594131307551,823.0729766276278
2026-01-12 23:30:00,823.0729766276278,824.61826691105,822.4480521724621,823.9303963304388
2026-01-12 23:45:00,823.9303963304388,829.1384884938993,823.1676353581116,825.8374595257767
2026-01-13 00:00:00,825.8374595257767,828.5516529381163,824.9607692923626,825.5331550619129
2026-01-13 00:15:00,825.5331550619129,825.9295528909332,820.4417117522995,823.4589562730096
2026-01-13 00:30:00,823.4589562730096,824.6475897498881,821.9141424093355,823.3540550653264
2026-01-13 00:45:00,823.3540550653264,824.4012204849519,821.2304471182074,824.015835596472
2026-01-13 01:00:00,824.015835596472,826.387024706238,820.4748894336939,826.3668235287906
2026-01-13 01:15:00,826.3668235287906,829.0628587284824,824.4351577055876,824.8386596776301
2026-01-13 01:30:00,824.8386596776301,825.9341757406294,821.0416562883801,823.0476862011095
2026-01-13 01:45:00,823.0476862011095,824.0048585451184,821.4779706455259,822.1500047098713
2026-01-13 02:00:00,822.1500047098713,823.0911963792076,816.7154564353015,818.9148290024855
2026-01-13 02:15:00,818.9148290024855,819.2636832056471,815.3909733486196,816.4623212090332
2026-01-13 02:30:00,816.4623212090332,816.537186298996,808.9482939600294,809.8457991614808
2026-01-13 02:45:00,809.8457991614808,814.1524975331417,806.3153381880767,812.3284573357469
2026-01-13 03:00:00,812.3284573357469,812.9331169972204,804.8149906177391,806.1976591716228
2026-01-13 03:15:00,806.1976591716228,807.1420752152997,801.1525661060997,806.1695064821133
2026-01-13 03:30:00,806.1695064821133,813.0440104499997,802.1241977025595,812.3760330896241
2026-01-13 03:45:00,812.3760330896241,812.6213128212994,806.8650669855989,810.0370387094339
2026-01-13 04:00:00,810.0370387094339,813.8102602416517,809.055394669597,812.1829742117925
2026-01-13 04:15:00,812.1829742117925,815.158148123431,810.9975769697941,814.0045562209316
2026-01-13 04:30:00,814.0045562209316,817.7105108570591,811.0971610237931,811.151718019976
2026-01-13 04:45:00,811.151718019976,812.0316784811996,807.1836033593448,809.4499163428351
2026-01-13 05:00:00,809.4499163428351,814.2414453536634,803.1902706260585,805.592897140301
2026-01-13 05:15:00,805.592897140301,806.9768219492895,800.2300868067409,800.6629199190255
2026-01-13 05:30:00,800.6629199190255,801.3481998083806,794.4204104838597,795.0926521294451
2026-01-13 05:45:00,795.0926521294451,795.550373199458,790.4469293022023,792.0378181578403
2026-01-13 06:00:00,792.0378181578403,794.5244061433684,790.7468639262739,792.0635962660067
2026-01-13 06:15:00,792.0635962660067,793.4588652921149,787.8831209012798,790.1844947361569
2026-01-13 06:30:00,790.1844947361569,792.7785328077551,782.246561389197,789.0030935625749
2026-01-13 06:45:00,789.0030935625749,794.0031384598,783.7093696303532,793.6274958529037
2026-01-13 07:00:00,793.6274958529037,797.5302290083504,789.4332940470847,792.3244697171153
2026-01-13 07:15:00,792.3244697171153,796.6558806908164,791.533490641376,795.7350203416358
2026-01-13 07:30:00,795.7350203416358,798.1980930972255,794.2002641502959,798.0660105055107
2026-01-13 07:45:00,798.0660105055107,798.5394961180011,793.2925192777462,794.9789322572893
2026-01-13 08:00:00,794.9789322572893,800.2149735180269,794.7555042092097,797.119698036898
2026-01-13 08:15:00,797.119698036898,800.2226378853112,794.1614696434203,796.5502765457236
2026-01-13 08:30:00,796.5502765457236,796.9978910561002,788.675727477793,793.0299803681224
2026-01-13 08:45:00,793.0299803681224,795.5576044266891,791.7476295810951,793.4516900496419
2026-01-13 09:00:00,793.4516900496419,794.0783900262347,792.2809106459064,793.8039354069741
2026-01-13 09:15:00,793.8039354069741,801.6822809669986,790.9647854069333,795.9201461158813
2026-01-13 09:30:00,795.9201461158813,798.3379095022536,791.7822821673525,794.3874804033603
2026-01-13 09:45:00,794.3874804033603,801.2447502845731,794.1303595209547,800.0814459921836
2026-01-13 10:00:00,800.0814459921836,800.9272511259333,795.5296324597227,798.6255384847667
2026-01-13 10:15:00,798.6255384847667,800.0032325951669,794.6938722289469,795.0127605573989
2026-01-13 10:30:00,795.0127605573989,798.5315966256493,786.4203490707058,787.5462628237369
2026-01-13 10:45:00,787.5462628237369,791.886884973004,787.4100649948709,790.2691344337688
2026-01-13 11:00:00,790.2691344337688,792.1210521382936,787.2910682732734,789.9732770943568
2026-01-13 11:15:00,789.9732770943568,791.7042517395289,788.1956102466113,789.9215016058682
2026-01-13 11:30:00,789.9215016058682,792.4674087335646,789.3669344808662,790.8646677178326
2026-01-13 11:45:00,790.8646677178326,796.4318327117911,786.1174856211483,794.6653181181155
